feature,missing_fraction,missing_rate_class_0,missing_rate_class_1,missing_rate_diff_class_1_minus_0,missingness_auc_strength
R_emaildomain,0.7675161716395164,0.7787873523584914,0.4566616657794125,-0.3221256865790789,0.3221256865790789
id_02,0.7614522301622244,0.772494766414507,0.4569036441949378,-0.3155911222195692,0.3155911222195691
id_37,0.7612608798726589,0.7722964780119219,0.4569036441949378,-0.31539283381698413,0.315392833816984
id_36,0.7612608798726589,0.7722964780119219,0.4569036441949378,-0.31539283381698413,0.315392833816984
id_38,0.7612608798726589,0.7722964780119219,0.4569036441949378,-0.31539283381698413,0.315392833816984
id_15,0.7612608798726589,0.7722964780119219,0.4569036441949378,-0.31539283381698413,0.315392833816984
id_35,0.7612608798726589,0.7722964780119219,0.4569036441949378,-0.31539283381698413,0.315392833816984
id_28,0.7612727334304196,0.7723017423057958,0.4570972269273581,-0.31520451537843774,0.31520451537843774
id_11,0.7612727334304196,0.7723017423057958,0.4570972269273581,-0.31520451537843774,0.31520451537843774
id_29,0.7612727334304196,0.7723017423057958,0.4570972269273581,-0.31520451537843774,0.31520451537843774
DeviceType,0.7615572188166763,0.772584259410364,0.4574359967090936,-0.31514826270127044,0.3151482627012705
id_01,0.7557608290716971,0.7667654599150343,0.45225765861685135,-0.31450780129818295,0.314507801298183
id_12,0.7557608290716971,0.7667654599150343,0.45225765861685135,-0.31450780129818295,0.314507801298183
id_31,0.7624513157449114,0.7734405845471918,0.45937182403329624,-0.31406876051389554,0.31406876051389543
id_05,0.7682375452975243,0.7791049647555525,0.4685186081401539,-0.3105863566153986,0.3105863566153986
id_06,0.7682375452975243,0.7791049647555525,0.4685186081401539,-0.3105863566153986,0.3105863566153986
V175,0.7632353439225116,0.774075809341314,0.464259788026908,-0.30981602131440605,0.3098160213144061
V195,0.7632353439225116,0.774075809341314,0.464259788026908,-0.30981602131440605,0.3098160213144061
V170,0.7632353439225116,0.774075809341314,0.464259788026908,-0.30981602131440605,0.3098160213144061
V171,0.7632353439225116,0.774075809341314,0.464259788026908,-0.30981602131440605,0.3098160213144061
V194,0.7632353439225116,0.774075809341314,0.464259788026908,-0.30981602131440605,0.3098160213144061
V201,0.7632353439225116,0.774075809341314,0.464259788026908,-0.30981602131440605,0.3098160213144061
V200,0.7632353439225116,0.774075809341314,0.464259788026908,-0.30981602131440605,0.3098160213144061
V197,0.7632353439225116,0.774075809341314,0.464259788026908,-0.30981602131440605,0.3098160213144061
V198,0.7632353439225116,0.774075809341314,0.464259788026908,-0.30981602131440605,0.3098160213144061
V188,0.7632353439225116,0.774075809341314,0.464259788026908,-0.30981602131440605,0.3098160213144061
V189,0.7632353439225116,0.774075809341314,0.464259788026908,-0.30981602131440605,0.3098160213144061
V185,0.7632353439225116,0.774075809341314,0.464259788026908,-0.30981602131440605,0.3098160213144061
V184,0.7632353439225116,0.774075809341314,0.464259788026908,-0.30981602131440605,0.3098160213144061
V180,0.7632353439225116,0.774075809341314,0.464259788026908,-0.30981602131440605,0.3098160213144061
V209,0.7632353439225116,0.774075809341314,0.464259788026908,-0.30981602131440605,0.3098160213144061
V210,0.7632353439225116,0.774075809341314,0.464259788026908,-0.30981602131440605,0.3098160213144061
V208,0.7632353439225116,0.774075809341314,0.464259788026908,-0.30981602131440605,0.3098160213144061
V174,0.7632353439225116,0.774075809341314,0.464259788026908,-0.30981602131440605,0.3098160213144061
V169,0.7632353439225116,0.774075809341314,0.464259788026908,-0.30981602131440605,0.3098160213144061
id_17,0.7639973583499847,0.7748233390714137,0.4654212844214296,-0.30940205464998405,0.30940205464998405
id_19,0.7640837199850984,0.7748987939502735,0.4658084498862701,-0.3090903440640034,0.3090903440640034
id_20,0.7641802418125783,0.7749865321815058,0.4661472196680056,-0.3088393125135002,0.3088393125135003
V213,0.763553696616656,0.7743513073873836,0.4657600542031651,-0.3085912531842185,0.30859125318421854
V216,0.763553696616656,0.7743513073873836,0.4657600542031651,-0.3085912531842185,0.30859125318421854
V215,0.763553696616656,0.7743513073873836,0.4657600542031651,-0.3085912531842185,0.30859125318421854
V207,0.763553696616656,0.7743513073873836,0.4657600542031651,-0.3085912531842185,0.30859125318421854
V211,0.763553696616656,0.7743513073873836,0.4657600542031651,-0.3085912531842185,0.30859125318421854
V214,0.763553696616656,0.7743513073873836,0.4657600542031651,-0.3085912531842185,0.30859125318421854
V167,0.763553696616656,0.7743513073873836,0.4657600542031651,-0.3085912531842185,0.30859125318421854
V187,0.763553696616656,0.7743513073873836,0.4657600542031651,-0.3085912531842185,0.30859125318421854
V173,0.763553696616656,0.7743513073873836,0.4657600542031651,-0.3085912531842185,0.30859125318421854
V172,0.763553696616656,0.7743513073873836,0.4657600542031651,-0.3085912531842185,0.30859125318421854
V168,0.763553696616656,0.7743513073873836,0.4657600542031651,-0.3085912531842185,0.30859125318421854
V179,0.763553696616656,0.7743513073873836,0.4657600542031651,-0.3085912531842185,0.30859125318421854
V191,0.763553696616656,0.7743513073873836,0.4657600542031651,-0.3085912531842185,0.30859125318421854
V186,0.763553696616656,0.7743513073873836,0.4657600542031651,-0.3085912531842185,0.30859125318421854
V190,0.763553696616656,0.7743513073873836,0.4657600542031651,-0.3085912531842185,0.30859125318421854
V203,0.763553696616656,0.7743513073873836,0.4657600542031651,-0.3085912531842185,0.30859125318421854
V202,0.763553696616656,0.7743513073873836,0.4657600542031651,-0.3085912531842185,0.30859125318421854
V205,0.763553696616656,0.7743513073873836,0.4657600542031651,-0.3085912531842185,0.30859125318421854
V204,0.763553696616656,0.7743513073873836,0.4657600542031651,-0.3085912531842185,0.30859125318421854
V196,0.763553696616656,0.7743513073873836,0.4657600542031651,-0.3085912531842185,0.30859125318421854
V199,0.763553696616656,0.7743513073873836,0.4657600542031651,-0.3085912531842185,0.30859125318421854
V193,0.763553696616656,0.7743513073873836,0.4657600542031651,-0.3085912531842185,0.30859125318421854
V206,0.763553696616656,0.7743513073873836,0.4657600542031651,-0.3085912531842185,0.30859125318421854
V192,0.763553696616656,0.7743513073873836,0.4657600542031651,-0.3085912531842185,0.30859125318421854
V183,0.763553696616656,0.7743513073873836,0.4657600542031651,-0.3085912531842185,0.30859125318421854
V182,0.763553696616656,0.7743513073873836,0.4657600542031651,-0.3085912531842185,0.30859125318421854
V181,0.763553696616656,0.7743513073873836,0.4657600542031651,-0.3085912531842185,0.30859125318421854
V177,0.763553696616656,0.7743513073873836,0.4657600542031651,-0.3085912531842185,0.30859125318421854
V178,0.763553696616656,0.7743513073873836,0.4657600542031651,-0.3085912531842185,0.30859125318421854
V176,0.763553696616656,0.7743513073873836,0.4657600542031651,-0.3085912531842185,0.30859125318421854
V212,0.763553696616656,0.7743513073873836,0.4657600542031651,-0.3085912531842185,0.30859125318421854
id_13,0.7844007179869272,0.7951628158356979,0.4875865072835503,-0.3075763085521476,0.3075763085521477
M6,0.28678836319300977,0.2761806495085782,0.5793447224507574,0.30316407294217923,0.3031640729421792
V259,0.7605310393876791,0.7711190309487836,0.4685186081401539,-0.30260042280862975,0.30260042280862987
V251,0.7605310393876791,0.7711190309487836,0.4685186081401539,-0.30260042280862975,0.30260042280862987
V271,0.7605310393876791,0.7711190309487836,0.4685186081401539,-0.30260042280862975,0.30260042280862987
V270,0.7605310393876791,0.7711190309487836,0.4685186081401539,-0.30260042280862975,0.30260042280862987
V272,0.7605310393876791,0.7711190309487836,0.4685186081401539,-0.30260042280862975,0.30260042280862987
V256,0.7605310393876791,0.7711190309487836,0.4685186081401539,-0.30260042280862975,0.30260042280862987
V255,0.7605310393876791,0.7711190309487836,0.4685186081401539,-0.30260042280862975,0.30260042280862987
V222,0.7605310393876791,0.7711190309487836,0.4685186081401539,-0.30260042280862975,0.30260042280862987
V250,0.7605310393876791,0.7711190309487836,0.4685186081401539,-0.30260042280862975,0.30260042280862987
V245,0.7605310393876791,0.7711190309487836,0.4685186081401539,-0.30260042280862975,0.30260042280862987
V227,0.7605310393876791,0.7711190309487836,0.4685186081401539,-0.30260042280862975,0.30260042280862987
V234,0.7605310393876791,0.7711190309487836,0.4685186081401539,-0.30260042280862975,0.30260042280862987
V238,0.7605310393876791,0.7711190309487836,0.4685186081401539,-0.30260042280862975,0.30260042280862987
V239,0.7605310393876791,0.7711190309487836,0.4685186081401539,-0.30260042280862975,0.30260042280862987
V220,0.7605310393876791,0.7711190309487836,0.4685186081401539,-0.30260042280862975,0.30260042280862987
V221,0.7605310393876791,0.7711190309487836,0.4685186081401539,-0.30260042280862975,0.30260042280862987
V224,0.7791343516103905,0.7890106110616852,0.5067511977931568,-0.28225941326852844,0.2822594132685283
V225,0.7791343516103905,0.7890106110616852,0.5067511977931568,-0.28225941326852844,0.2822594132685283
V230,0.7791343516103905,0.7890106110616852,0.5067511977931568,-0.28225941326852844,0.2822594132685283
V229,0.7791343516103905,0.7890106110616852,0.5067511977931568,-0.28225941326852844,0.2822594132685283
V231,0.7791343516103905,0.7890106110616852,0.5067511977931568,-0.28225941326852844,0.2822594132685283
V232,0.7791343516103905,0.7890106110616852,0.5067511977931568,-0.28225941326852844,0.2822594132685283
V237,0.7791343516103905,0.7890106110616852,0.5067511977931568,-0.28225941326852844,0.2822594132685283
V233,0.7791343516103905,0.7890106110616852,0.5067511977931568,-0.28225941326852844,0.2822594132685283
V226,0.7791343516103905,0.7890106110616852,0.5067511977931568,-0.28225941326852844,0.2822594132685283
V228,0.7791343516103905,0.7890106110616852,0.5067511977931568,-0.28225941326852844,0.2822594132685283
V260,0.7791343516103905,0.7890106110616852,0.5067511977931568,-0.28225941326852844,0.2822594132685283
V261,0.7791343516103905,0.7890106110616852,0.5067511977931568,-0.28225941326852844,0.2822594132685283
V258,0.7791343516103905,0.7890106110616852,0.5067511977931568,-0.28225941326852844,0.2822594132685283
V257,0.7791343516103905,0.7890106110616852,0.5067511977931568,-0.28225941326852844,0.2822594132685283
V278,0.7791343516103905,0.7890106110616852,0.5067511977931568,-0.28225941326852844,0.2822594132685283
V277,0.7791343516103905,0.7890106110616852,0.5067511977931568,-0.28225941326852844,0.2822594132685283
V266,0.7791343516103905,0.7890106110616852,0.5067511977931568,-0.28225941326852844,0.2822594132685283
V267,0.7791343516103905,0.7890106110616852,0.5067511977931568,-0.28225941326852844,0.2822594132685283
V276,0.7791343516103905,0.7890106110616852,0.5067511977931568,-0.28225941326852844,0.2822594132685283
V275,0.7791343516103905,0.7890106110616852,0.5067511977931568,-0.28225941326852844,0.2822594132685283
V274,0.7791343516103905,0.7890106110616852,0.5067511977931568,-0.28225941326852844,0.2822594132685283
V273,0.7791343516103905,0.7890106110616852,0.5067511977931568,-0.28225941326852844,0.2822594132685283
V268,0.7791343516103905,0.7890106110616852,0.5067511977931568,-0.28225941326852844,0.2822594132685283
V269,0.7791343516103905,0.7890106110616852,0.5067511977931568,-0.28225941326852844,0.2822594132685283
V235,0.7791343516103905,0.7890106110616852,0.5067511977931568,-0.28225941326852844,0.2822594132685283
V236,0.7791343516103905,0.7890106110616852,0.5067511977931568,-0.28225941326852844,0.2822594132685283
V243,0.7791343516103905,0.7890106110616852,0.5067511977931568,-0.28225941326852844,0.2822594132685283
V242,0.7791343516103905,0.7890106110616852,0.5067511977931568,-0.28225941326852844,0.2822594132685283
V241,0.7791343516103905,0.7890106110616852,0.5067511977931568,-0.28225941326852844,0.2822594132685283
V240,0.7791343516103905,0.7890106110616852,0.5067511977931568,-0.28225941326852844,0.2822594132685283
V254,0.7791343516103905,0.7890106110616852,0.5067511977931568,-0.28225941326852844,0.2822594132685283
V249,0.7791343516103905,0.7890106110616852,0.5067511977931568,-0.28225941326852844,0.2822594132685283
V253,0.7791343516103905,0.7890106110616852,0.5067511977931568,-0.28225941326852844,0.2822594132685283
V252,0.7791343516103905,0.7890106110616852,0.5067511977931568,-0.28225941326852844,0.2822594132685283
V244,0.7791343516103905,0.7890106110616852,0.5067511977931568,-0.28225941326852844,0.2822594132685283
V246,0.7791343516103905,0.7890106110616852,0.5067511977931568,-0.28225941326852844,0.2822594132685283
V247,0.7791343516103905,0.7890106110616852,0.5067511977931568,-0.28225941326852844,0.2822594132685283
V248,0.7791343516103905,0.7890106110616852,0.5067511977931568,-0.28225941326852844,0.2822594132685283
V264,0.7791343516103905,0.7890106110616852,0.5067511977931568,-0.28225941326852844,0.2822594132685283
V265,0.7791343516103905,0.7890106110616852,0.5067511977931568,-0.28225941326852844,0.2822594132685283
V263,0.7791343516103905,0.7890106110616852,0.5067511977931568,-0.28225941326852844,0.2822594132685283
V262,0.7791343516103905,0.7890106110616852,0.5067511977931568,-0.28225941326852844,0.2822594132685283
V217,0.7791343516103905,0.7890106110616852,0.5067511977931568,-0.28225941326852844,0.2822594132685283
V218,0.7791343516103905,0.7890106110616852,0.5067511977931568,-0.28225941326852844,0.2822594132685283
V219,0.7791343516103905,0.7890106110616852,0.5067511977931568,-0.28225941326852844,0.2822594132685283
V223,0.7791343516103905,0.7890106110616852,0.5067511977931568,-0.28225941326852844,0.2822594132685283
id_16,0.7809801198902699,0.7908531139175646,0.5086870251173595,-0.2821660888002051,0.2821660888002051
addr2,0.1112642666034477,0.10171493146766758,0.37463098291632385,0.27291605144865627,0.2729160514486564
addr1,0.1112642666034477,0.10171493146766758,0.37463098291632385,0.27291605144865627,0.2729160514486564
D12,0.8904104717715988,0.8997695994047838,0.6322895997677007,-0.26747999963708313,0.26747999963708313
id_09,0.8731229044603245,0.8822570484508061,0.6212069883366403,-0.26105006011416576,0.26105006011416565
D9,0.8731229044603245,0.8822570484508061,0.6212069883366403,-0.26105006011416576,0.26105006011416565
id_10,0.8731229044603245,0.8822570484508061,0.6212069883366403,-0.26105006011416576,0.26105006011416565
D8,0.8731229044603245,0.8822570484508061,0.6212069883366403,-0.26105006011416576,0.26105006011416565
D6,0.8760676668811597,0.8851173147889808,0.6264821177950927,-0.25863519699388815,0.25863519699388804
D14,0.8946946862193924,0.9035335695246518,0.6509219377631515,-0.25261163176150025,0.25261163176150037
M2,0.4590713584177194,0.4505867055522507,0.6930745777476649,0.24248787219541418,0.24248787219541423
M1,0.4590713584177194,0.4505867055522507,0.6930745777476649,0.24248787219541418,0.24248787219541423
M3,0.4590713584177194,0.4505867055522507,0.6930745777476649,0.24248787219541418,0.24248787219541423
id_04,0.8876892335828225,0.8960968770453975,0.6558099017567633,-0.24028697528863419,0.2402869752886343
id_03,0.8876892335828225,0.8960968770453975,0.6558099017567633,-0.24028697528863419,0.2402869752886343
V3,0.47293494090154775,0.4645388390828196,0.7044959589604607,0.23995711987764107,0.23995711987764112
V6,0.47293494090154775,0.4645388390828196,0.7044959589604607,0.23995711987764107,0.23995711987764112
V10,0.47293494090154775,0.4645388390828196,0.7044959589604607,0.23995711987764107,0.23995711987764112
V11,0.47293494090154775,0.4645388390828196,0.7044959589604607,0.23995711987764107,0.23995711987764112
V2,0.47293494090154775,0.4645388390828196,0.7044959589604607,0.23995711987764107,0.23995711987764112
V1,0.47293494090154775,0.4645388390828196,0.7044959589604607,0.23995711987764107,0.23995711987764112
V5,0.47293494090154775,0.4645388390828196,0.7044959589604607,0.23995711987764107,0.23995711987764112
V4,0.47293494090154775,0.4645388390828196,0.7044959589604607,0.23995711987764107,0.23995711987764112
V8,0.47293494090154775,0.4645388390828196,0.7044959589604607,0.23995711987764107,0.23995711987764112
V7,0.47293494090154775,0.4645388390828196,0.7044959589604607,0.23995711987764107,0.23995711987764112
D11,0.47293494090154775,0.4645388390828196,0.7044959589604607,0.23995711987764107,0.23995711987764112
V9,0.47293494090154775,0.4645388390828196,0.7044959589604607,0.23995711987764107,0.23995711987764112
D13,0.8950926270870728,0.9032861477125765,0.6691187146106568,-0.2341674331019198,0.2341674331019199
M4,0.47658753005723575,0.48469582032614056,0.2529642355901854,-0.23173158473595518,0.23173158473595512
DeviceInfo,0.7990551021099332,0.8068723601759678,0.583458355514688,-0.2234140046612797,0.2234140046612798
D7,0.9340992989467267,0.9418699122793164,0.7197889948216619,-0.22208091745765446,0.22208091745765457
M8,0.5863311545365258,0.5797847605711408,0.7668779944828922,0.18709323391175137,0.18709323391175126
M9,0.5863311545365258,0.5797847605711408,0.7668779944828922,0.18709323391175137,0.18709323391175126
M7,0.5863531682866528,0.5798075725112612,0.7668779944828922,0.18707042197163093,0.18707042197163082
dist1,0.596523520845328,0.5902378934401634,0.7698785268354063,0.17964063339524283,0.17964063339524294
D2,0.4754919226470688,0.47028393846391414,0.6191259739631225,0.14884203549920838,0.14884203549920838
dist2,0.9362837403054831,0.9405204982829628,0.819435706334995,-0.12108479194796784,0.12108479194796784
id_18,0.9236072069631185,0.9273913493613534,0.8192421236025746,-0.10814922575877872,0.10814922575877883
D3,0.44514850814508755,0.44190939448337097,0.5344819242123603,0.09257252972898933,0.09257252972898922
V62,0.13055169844549055,0.1273730998092571,0.21821613512074722,0.09084303531149013,0.09084303531149018
V65,0.13055169844549055,0.1273730998092571,0.21821613512074722,0.09084303531149013,0.09084303531149018
V66,0.13055169844549055,0.1273730998092571,0.21821613512074722,0.09084303531149013,0.09084303531149018
V63,0.13055169844549055,0.1273730998092571,0.21821613512074722,0.09084303531149013,0.09084303531149018
V64,0.13055169844549055,0.1273730998092571,0.21821613512074722,0.09084303531149013,0.09084303531149018
V61,0.13055169844549055,0.1273730998092571,0.21821613512074722,0.09084303531149013,0.09084303531149018
V68,0.13055169844549055,0.1273730998092571,0.21821613512074722,0.09084303531149013,0.09084303531149018
V69,0.13055169844549055,0.1273730998092571,0.21821613512074722,0.09084303531149013,0.09084303531149018
V70,0.13055169844549055,0.1273730998092571,0.21821613512074722,0.09084303531149013,0.09084303531149018
V71,0.13055169844549055,0.1273730998092571,0.21821613512074722,0.09084303531149013,0.09084303531149018
V72,0.13055169844549055,0.1273730998092571,0.21821613512074722,0.09084303531149013,0.09084303531149018
V73,0.13055169844549055,0.1273730998092571,0.21821613512074722,0.09084303531149013,0.09084303531149018
V74,0.13055169844549055,0.1273730998092571,0.21821613512074722,0.09084303531149013,0.09084303531149018
V53,0.13055169844549055,0.1273730998092571,0.21821613512074722,0.09084303531149013,0.09084303531149018
V54,0.13055169844549055,0.1273730998092571,0.21821613512074722,0.09084303531149013,0.09084303531149018
V55,0.13055169844549055,0.1273730998092571,0.21821613512074722,0.09084303531149013,0.09084303531149018
V56,0.13055169844549055,0.1273730998092571,0.21821613512074722,0.09084303531149013,0.09084303531149018
V57,0.13055169844549055,0.1273730998092571,0.21821613512074722,0.09084303531149013,0.09084303531149018
V58,0.13055169844549055,0.1273730998092571,0.21821613512074722,0.09084303531149013,0.09084303531149018
V59,0.13055169844549055,0.1273730998092571,0.21821613512074722,0.09084303531149013,0.09084303531149018
V60,0.13055169844549055,0.1273730998092571,0.21821613512074722,0.09084303531149013,0.09084303531149018
V67,0.13055169844549055,0.1273730998092571,0.21821613512074722,0.09084303531149013,0.09084303531149018
D10,0.1287330240119213,0.12658170096354127,0.18806562454629047,0.061483923582749206,0.06148392358274912
V33,0.1288193856470349,0.1266694391947736,0.18811402022939555,0.06144458103462194,0.061444581034622026
V34,0.1288193856470349,0.1266694391947736,0.18811402022939555,0.06144458103462194,0.061444581034622026
V27,0.1288193856470349,0.1266694391947736,0.18811402022939555,0.06144458103462194,0.061444581034622026
V20,0.1288193856470349,0.1266694391947736,0.18811402022939555,0.06144458103462194,0.061444581034622026
V14,0.1288193856470349,0.1266694391947736,0.18811402022939555,0.06144458103462194,0.061444581034622026
V13,0.1288193856470349,0.1266694391947736,0.18811402022939555,0.06144458103462194,0.061444581034622026
V16,0.1288193856470349,0.1266694391947736,0.18811402022939555,0.06144458103462194,0.061444581034622026
V17,0.1288193856470349,0.1266694391947736,0.18811402022939555,0.06144458103462194,0.061444581034622026
V18,0.1288193856470349,0.1266694391947736,0.18811402022939555,0.06144458103462194,0.061444581034622026
V15,0.1288193856470349,0.1266694391947736,0.18811402022939555,0.06144458103462194,0.061444581034622026
V12,0.1288193856470349,0.1266694391947736,0.18811402022939555,0.06144458103462194,0.061444581034622026
V28,0.1288193856470349,0.1266694391947736,0.18811402022939555,0.06144458103462194,0.061444581034622026
V29,0.1288193856470349,0.1266694391947736,0.18811402022939555,0.06144458103462194,0.061444581034622026
V30,0.1288193856470349,0.1266694391947736,0.18811402022939555,0.06144458103462194,0.061444581034622026
V31,0.1288193856470349,0.1266694391947736,0.18811402022939555,0.06144458103462194,0.061444581034622026
V32,0.1288193856470349,0.1266694391947736,0.18811402022939555,0.06144458103462194,0.061444581034622026
V25,0.1288193856470349,0.1266694391947736,0.18811402022939555,0.06144458103462194,0.061444581034622026
V26,0.1288193856470349,0.1266694391947736,0.18811402022939555,0.06144458103462194,0.061444581034622026
V19,0.1288193856470349,0.1266694391947736,0.18811402022939555,0.06144458103462194,0.061444581034622026
V24,0.1288193856470349,0.1266694391947736,0.18811402022939555,0.06144458103462194,0.061444581034622026
V21,0.1288193856470349,0.1266694391947736,0.18811402022939555,0.06144458103462194,0.061444581034622026
V22,0.1288193856470349,0.1266694391947736,0.18811402022939555,0.06144458103462194,0.061444581034622026
V23,0.1288193856470349,0.1266694391947736,0.18811402022939555,0.06144458103462194,0.061444581034622026
D15,0.1509008703898127,0.14886896646118372,0.20693994095726662,0.058070974496082894,0.05807097449608278
V91,0.15098723202492634,0.14895845945704073,0.20693994095726662,0.05798148150022589,0.05798148150022597
V92,0.15098723202492634,0.14895845945704073,0.20693994095726662,0.05798148150022589,0.05798148150022597
V93,0.15098723202492634,0.14895845945704073,0.20693994095726662,0.05798148150022589,0.05798148150022597
V77,0.15098723202492634,0.14895845945704073,0.20693994095726662,0.05798148150022589,0.05798148150022597
V75,0.15098723202492634,0.14895845945704073,0.20693994095726662,0.05798148150022589,0.05798148150022597
V76,0.15098723202492634,0.14895845945704073,0.20693994095726662,0.05798148150022589,0.05798148150022597
V82,0.15098723202492634,0.14895845945704073,0.20693994095726662,0.05798148150022589,0.05798148150022597
V86,0.15098723202492634,0.14895845945704073,0.20693994095726662,0.05798148150022589,0.05798148150022597
V84,0.15098723202492634,0.14895845945704073,0.20693994095726662,0.05798148150022589,0.05798148150022597
V83,0.15098723202492634,0.14895845945704073,0.20693994095726662,0.05798148150022589,0.05798148150022597
V85,0.15098723202492634,0.14895845945704073,0.20693994095726662,0.05798148150022589,0.05798148150022597
V94,0.15098723202492634,0.14895845945704073,0.20693994095726662,0.05798148150022589,0.05798148150022597
V87,0.15098723202492634,0.14895845945704073,0.20693994095726662,0.05798148150022589,0.05798148150022597
V88,0.15098723202492634,0.14895845945704073,0.20693994095726662,0.05798148150022589,0.05798148150022597
V89,0.15098723202492634,0.14895845945704073,0.20693994095726662,0.05798148150022589,0.05798148150022597
V81,0.15098723202492634,0.14895845945704073,0.20693994095726662,0.05798148150022589,0.05798148150022597
V80,0.15098723202492634,0.14895845945704073,0.20693994095726662,0.05798148150022589,0.05798148150022597
V79,0.15098723202492634,0.14895845945704073,0.20693994095726662,0.05798148150022589,0.05798148150022597
V78,0.15098723202492634,0.14895845945704073,0.20693994095726662,0.05798148150022589,0.05798148150022597
V90,0.15098723202492634,0.14895845945704073,0.20693994095726662,0.05798148150022589,0.05798148150022597
D5,0.524674027161581,0.5265311637423514,0.47345496781687074,-0.053076195925480685,0.05307619592548063
M5,0.5934940901547736,0.5920365271804267,0.6336930745777477,0.04165654739732105,0.04165654739732094
V327,0.8605496664070174,0.861961440802138,0.8216135120747229,-0.040347928727415105,0.040347928727415105
V328,0.8605496664070174,0.861961440802138,0.8216135120747229,-0.040347928727415105,0.040347928727415105
V323,0.8605496664070174,0.861961440802138,0.8216135120747229,-0.040347928727415105,0.040347928727415105
V324,0.8605496664070174,0.861961440802138,0.8216135120747229,-0.040347928727415105,0.040347928727415105
V322,0.8605496664070174,0.861961440802138,0.8216135120747229,-0.040347928727415105,0.040347928727415105
V332,0.8605496664070174,0.861961440802138,0.8216135120747229,-0.040347928727415105,0.040347928727415105
V326,0.8605496664070174,0.861961440802138,0.8216135120747229,-0.040347928727415105,0.040347928727415105
V334,0.8605496664070174,0.861961440802138,0.8216135120747229,-0.040347928727415105,0.040347928727415105
V333,0.8605496664070174,0.861961440802138,0.8216135120747229,-0.040347928727415105,0.040347928727415105
V330,0.8605496664070174,0.861961440802138,0.8216135120747229,-0.040347928727415105,0.040347928727415105
V329,0.8605496664070174,0.861961440802138,0.8216135120747229,-0.040347928727415105,0.040347928727415105
V325,0.8605496664070174,0.861961440802138,0.8216135120747229,-0.040347928727415105,0.040347928727415105
V336,0.8605496664070174,0.861961440802138,0.8216135120747229,-0.040347928727415105,0.040347928727415105
V337,0.8605496664070174,0.861961440802138,0.8216135120747229,-0.040347928727415105,0.040347928727415105
V331,0.8605496664070174,0.861961440802138,0.8216135120747229,-0.040347928727415105,0.040347928727415105
V339,0.8605496664070174,0.861961440802138,0.8216135120747229,-0.040347928727415105,0.040347928727415105
V338,0.8605496664070174,0.861961440802138,0.8216135120747229,-0.040347928727415105,0.040347928727415105
V335,0.8605496664070174,0.861961440802138,0.8216135120747229,-0.040347928727415105,0.040347928727415105
id_33,0.8758949436109323,0.8772963288569288,0.8372453177176595,-0.04005101113926923,0.04005101113926912
V164,0.8612270125647712,0.8626019298901342,0.8233073609834003,-0.039294568906733884,0.039294568906733884
V150,0.8612270125647712,0.8626019298901342,0.8233073609834003,-0.039294568906733884,0.039294568906733884
V144,0.8612270125647712,0.8626019298901342,0.8233073609834003,-0.039294568906733884,0.039294568906733884
V143,0.8612270125647712,0.8626019298901342,0.8233073609834003,-0.039294568906733884,0.039294568906733884
V145,0.8612270125647712,0.8626019298901342,0.8233073609834003,-0.039294568906733884,0.039294568906733884
V165,0.8612270125647712,0.8626019298901342,0.8233073609834003,-0.039294568906733884,0.039294568906733884
V159,0.8612270125647712,0.8626019298901342,0.8233073609834003,-0.039294568906733884,0.039294568906733884
V160,0.8612270125647712,0.8626019298901342,0.8233073609834003,-0.039294568906733884,0.039294568906733884
V151,0.8612270125647712,0.8626019298901342,0.8233073609834003,-0.039294568906733884,0.039294568906733884
V166,0.8612270125647712,0.8626019298901342,0.8233073609834003,-0.039294568906733884,0.039294568906733884
V152,0.8612270125647712,0.8626019298901342,0.8233073609834003,-0.039294568906733884,0.039294568906733884
V161,0.8612371727571375,0.8626107037132574,0.8233557566665054,-0.03925494704675203,0.03925494704675203
V162,0.8612371727571375,0.8626107037132574,0.8233557566665054,-0.03925494704675203,0.03925494704675203
V146,0.8612371727571375,0.8626107037132574,0.8233557566665054,-0.03925494704675203,0.03925494704675203
V142,0.8612371727571375,0.8626107037132574,0.8233557566665054,-0.03925494704675203,0.03925494704675203
V138,0.8612371727571375,0.8626107037132574,0.8233557566665054,-0.03925494704675203,0.03925494704675203
V149,0.8612371727571375,0.8626107037132574,0.8233557566665054,-0.03925494704675203,0.03925494704675203
V147,0.8612371727571375,0.8626107037132574,0.8233557566665054,-0.03925494704675203,0.03925494704675203
V158,0.8612371727571375,0.8626107037132574,0.8233557566665054,-0.03925494704675203,0.03925494704675203
V155,0.8612371727571375,0.8626107037132574,0.8233557566665054,-0.03925494704675203,0.03925494704675203
V156,0.8612371727571375,0.8626107037132574,0.8233557566665054,-0.03925494704675203,0.03925494704675203
V157,0.8612371727571375,0.8626107037132574,0.8233557566665054,-0.03925494704675203,0.03925494704675203
V154,0.8612371727571375,0.8626107037132574,0.8233557566665054,-0.03925494704675203,0.03925494704675203
V148,0.8612371727571375,0.8626107037132574,0.8233557566665054,-0.03925494704675203,0.03925494704675203
V163,0.8612371727571375,0.8626107037132574,0.8233557566665054,-0.03925494704675203,0.03925494704675203
V153,0.8612371727571375,0.8626107037132574,0.8233557566665054,-0.03925494704675203,0.03925494704675203
V141,0.8612371727571375,0.8626107037132574,0.8233557566665054,-0.03925494704675203,0.03925494704675203
V139,0.8612371727571375,0.8626107037132574,0.8233557566665054,-0.03925494704675203,0.03925494704675203
V140,0.8612371727571375,0.8626107037132574,0.8233557566665054,-0.03925494704675203,0.03925494704675203
id_14,0.8644562603718631,0.8658219229763615,0.8267918501669651,-0.03903007280939641,0.03903007280939641
id_34,0.8682477054898906,0.8695858930962296,0.8313410443788414,-0.0382448487173882,0.03824484871738809
id_32,0.8686185525112609,0.8699105245517893,0.8329864976044137,-0.03692402694737562,0.03692402694737562
id_30,0.868654113184543,0.869931581727285,0.8334220587523593,-0.03650952297492571,0.03650952297492571
P_emaildomain,0.1599485216920107,0.16085225408289858,0.135023955863137,-0.02582829821976157,0.025828298219761514
id_08,0.9912707013919464,0.991701718090044,0.9793834389972415,-0.012318279092802586,0.012318279092802475
id_07,0.9912707013919464,0.991701718090044,0.9793834389972415,-0.012318279092802586,0.012318279092802475
id_21,0.9912639279303688,0.9916946990315454,0.9793834389972415,-0.012311260034303939,0.01231126003430405
id_27,0.9912469942764249,0.9916771513852989,0.9793834389972415,-0.012293712388057432,0.012293712388057543
id_22,0.9912469942764249,0.9916771513852989,0.9793834389972415,-0.012293712388057432,0.012293712388057543
id_23,0.9912469942764249,0.9916771513852989,0.9793834389972415,-0.012293712388057432,0.012293712388057543
id_26,0.9912571544687913,0.9916859252084221,0.9794318346803466,-0.012254090528075579,0.01225409052807569
id_25,0.9913096487960172,0.9917262847947891,0.9798190001451871,-0.011907284649602001,0.011907284649602001
id_24,0.9919615944728554,0.9923755477059085,0.980544935391763,-0.011830612314145506,0.011830612314145394
D4,0.2860466691502693,0.2857213047727843,0.2950200842084886,0.009298779435704285,0.00929877943570423
V37,0.2861262573238053,0.28580377871014273,0.2950200842084886,0.009216305498345845,0.009216305498345845
V36,0.2861262573238053,0.28580377871014273,0.2950200842084886,0.009216305498345845,0.009216305498345845
V47,0.2861262573238053,0.28580377871014273,0.2950200842084886,0.009216305498345845,0.009216305498345845
V44,0.2861262573238053,0.28580377871014273,0.2950200842084886,0.009216305498345845,0.009216305498345845
V50,0.2861262573238053,0.28580377871014273,0.2950200842084886,0.009216305498345845,0.009216305498345845
V38,0.2861262573238053,0.28580377871014273,0.2950200842084886,0.009216305498345845,0.009216305498345845
V35,0.2861262573238053,0.28580377871014273,0.2950200842084886,0.009216305498345845,0.009216305498345845
V52,0.2861262573238053,0.28580377871014273,0.2950200842084886,0.009216305498345845,0.009216305498345845
V51,0.2861262573238053,0.28580377871014273,0.2950200842084886,0.009216305498345845,0.009216305498345845
V40,0.2861262573238053,0.28580377871014273,0.2950200842084886,0.009216305498345845,0.009216305498345845
V39,0.2861262573238053,0.28580377871014273,0.2950200842084886,0.009216305498345845,0.009216305498345845
V43,0.2861262573238053,0.28580377871014273,0.2950200842084886,0.009216305498345845,0.009216305498345845
V41,0.2861262573238053,0.28580377871014273,0.2950200842084886,0.009216305498345845,0.009216305498345845
V42,0.2861262573238053,0.28580377871014273,0.2950200842084886,0.009216305498345845,0.009216305498345845
V45,0.2861262573238053,0.28580377871014273,0.2950200842084886,0.009216305498345845,0.009216305498345845
V46,0.2861262573238053,0.28580377871014273,0.2950200842084886,0.009216305498345845,0.009216305498345845
V48,0.2861262573238053,0.28580377871014273,0.2950200842084886,0.009216305498345845,0.009216305498345845
V49,0.2861262573238053,0.28580377871014273,0.2950200842084886,0.009216305498345845,0.009216305498345845
card2,0.015126833068039422,0.014933046955746591,0.020471373953443353,0.005538326997696762,0.005538326997696741
card5,0.007212043214684865,0.007105041965195998,0.010163093452064075,0.003058051486868077,0.0030580514868681075
card6,0.0026602770345785214,0.002688299404959316,0.0018874316410976142,-0.0008008677638617018,0.00080086776386179
card3,0.0026501168422122124,0.0026777708172114334,0.0018874316410976142,-0.0007903391761138192,0.00079033917611393
card4,0.00267043722694483,0.002695318463457904,0.001984223007307748,-0.000711095456150156,0.0007110954561502236
V122,0.0005317167338368274,0.0005211650935201807,0.0008227266127861395,0.0003015615192659588,0.0003015615192658583
V108,0.0005317167338368274,0.0005211650935201807,0.0008227266127861395,0.0003015615192659588,0.0003015615192658583
V107,0.0005317167338368274,0.0005211650935201807,0.0008227266127861395,0.0003015615192659588,0.0003015615192658583
V110,0.0005317167338368274,0.0005211650935201807,0.0008227266127861395,0.0003015615192659588,0.0003015615192658583
V106,0.0005317167338368274,0.0005211650935201807,0.0008227266127861395,0.0003015615192659588,0.0003015615192658583
V105,0.0005317167338368274,0.0005211650935201807,0.0008227266127861395,0.0003015615192659588,0.0003015615192658583
V113,0.0005317167338368274,0.0005211650935201807,0.0008227266127861395,0.0003015615192659588,0.0003015615192658583
V102,0.0005317167338368274,0.0005211650935201807,0.0008227266127861395,0.0003015615192659588,0.0003015615192658583
V99,0.0005317167338368274,0.0005211650935201807,0.0008227266127861395,0.0003015615192659588,0.0003015615192658583
V100,0.0005317167338368274,0.0005211650935201807,0.0008227266127861395,0.0003015615192659588,0.0003015615192658583
V101,0.0005317167338368274,0.0005211650935201807,0.0008227266127861395,0.0003015615192659588,0.0003015615192658583
V104,0.0005317167338368274,0.0005211650935201807,0.0008227266127861395,0.0003015615192659588,0.0003015615192658583
V111,0.0005317167338368274,0.0005211650935201807,0.0008227266127861395,0.0003015615192659588,0.0003015615192658583
V112,0.0005317167338368274,0.0005211650935201807,0.0008227266127861395,0.0003015615192659588,0.0003015615192658583
V114,0.0005317167338368274,0.0005211650935201807,0.0008227266127861395,0.0003015615192659588,0.0003015615192658583
V97,0.0005317167338368274,0.0005211650935201807,0.0008227266127861395,0.0003015615192659588,0.0003015615192658583
V96,0.0005317167338368274,0.0005211650935201807,0.0008227266127861395,0.0003015615192659588,0.0003015615192658583
V95,0.0005317167338368274,0.0005211650935201807,0.0008227266127861395,0.0003015615192659588,0.0003015615192658583
V109,0.0005317167338368274,0.0005211650935201807,0.0008227266127861395,0.0003015615192659588,0.0003015615192658583
V98,0.0005317167338368274,0.0005211650935201807,0.0008227266127861395,0.0003015615192659588,0.0003015615192658583
V103,0.0005317167338368274,0.0005211650935201807,0.0008227266127861395,0.0003015615192659588,0.0003015615192658583
V137,0.0005317167338368274,0.0005211650935201807,0.0008227266127861395,0.0003015615192659588,0.0003015615192658583
V130,0.0005317167338368274,0.0005211650935201807,0.0008227266127861395,0.0003015615192659588,0.0003015615192658583
V131,0.0005317167338368274,0.0005211650935201807,0.0008227266127861395,0.0003015615192659588,0.0003015615192658583
V119,0.0005317167338368274,0.0005211650935201807,0.0008227266127861395,0.0003015615192659588,0.0003015615192658583
V125,0.0005317167338368274,0.0005211650935201807,0.0008227266127861395,0.0003015615192659588,0.0003015615192658583
V126,0.0005317167338368274,0.0005211650935201807,0.0008227266127861395,0.0003015615192659588,0.0003015615192658583
V123,0.0005317167338368274,0.0005211650935201807,0.0008227266127861395,0.0003015615192659588,0.0003015615192658583
V121,0.0005317167338368274,0.0005211650935201807,0.0008227266127861395,0.0003015615192659588,0.0003015615192658583
V124,0.0005317167338368274,0.0005211650935201807,0.0008227266127861395,0.0003015615192659588,0.0003015615192658583
V129,0.0005317167338368274,0.0005211650935201807,0.0008227266127861395,0.0003015615192659588,0.0003015615192658583
V135,0.0005317167338368274,0.0005211650935201807,0.0008227266127861395,0.0003015615192659588,0.0003015615192658583
V134,0.0005317167338368274,0.0005211650935201807,0.0008227266127861395,0.0003015615192659588,0.0003015615192658583
V136,0.0005317167338368274,0.0005211650935201807,0.0008227266127861395,0.0003015615192659588,0.0003015615192658583
V116,0.0005317167338368274,0.0005211650935201807,0.0008227266127861395,0.0003015615192659588,0.0003015615192658583
V117,0.0005317167338368274,0.0005211650935201807,0.0008227266127861395,0.0003015615192659588,0.0003015615192658583
V118,0.0005317167338368274,0.0005211650935201807,0.0008227266127861395,0.0003015615192659588,0.0003015615192658583
V115,0.0005317167338368274,0.0005211650935201807,0.0008227266127861395,0.0003015615192659588,0.0003015615192658583
V120,0.0005317167338368274,0.0005211650935201807,0.0008227266127861395,0.0003015615192659588,0.0003015615192658583
V128,0.0005317167338368274,0.0005211650935201807,0.0008227266127861395,0.0003015615192659588,0.0003015615192658583
V127,0.0005317167338368274,0.0005211650935201807,0.0008227266127861395,0.0003015615192659588,0.0003015615192658583
V133,0.0005317167338368274,0.0005211650935201807,0.0008227266127861395,0.0003015615192659588,0.0003015615192658583
V132,0.0005317167338368274,0.0005211650935201807,0.0008227266127861395,0.0003015615192659588,0.0003015615192658583
D1,0.0021488806854743116,0.0021460771359433704,0.0022262014228330834,8.012428688971293e-05,8.012428688974893e-05
V282,0.0021488806854743116,0.0021460771359433704,0.0022262014228330834,8.012428688971293e-05,8.012428688974893e-05
V281,0.0021488806854743116,0.0021460771359433704,0.0022262014228330834,8.012428688971293e-05,8.012428688974893e-05
V300,0.0021488806854743116,0.0021460771359433704,0.0022262014228330834,8.012428688971293e-05,8.012428688974893e-05
V314,0.0021488806854743116,0.0021460771359433704,0.0022262014228330834,8.012428688971293e-05,8.012428688974893e-05
V315,0.0021488806854743116,0.0021460771359433704,0.0022262014228330834,8.012428688971293e-05,8.012428688974893e-05
V301,0.0021488806854743116,0.0021460771359433704,0.0022262014228330834,8.012428688971293e-05,8.012428688974893e-05
V313,0.0021488806854743116,0.0021460771359433704,0.0022262014228330834,8.012428688971293e-05,8.012428688974893e-05
V288,0.0021488806854743116,0.0021460771359433704,0.0022262014228330834,8.012428688971293e-05,8.012428688974893e-05
V283,0.0021488806854743116,0.0021460771359433704,0.0022262014228330834,8.012428688971293e-05,8.012428688974893e-05
V289,0.0021488806854743116,0.0021460771359433704,0.0022262014228330834,8.012428688971293e-05,8.012428688974893e-05
V296,0.0021488806854743116,0.0021460771359433704,0.0022262014228330834,8.012428688971293e-05,8.012428688974893e-05
V295,2.0320384732617603e-05,1.7547646246470728e-05,9.679136621013405e-05,7.924371996366333e-05,7.924371996370638e-05
V294,2.0320384732617603e-05,1.7547646246470728e-05,9.679136621013405e-05,7.924371996366333e-05,7.924371996370638e-05
V293,2.0320384732617603e-05,1.7547646246470728e-05,9.679136621013405e-05,7.924371996366333e-05,7.924371996370638e-05
V292,2.0320384732617603e-05,1.7547646246470728e-05,9.679136621013405e-05,7.924371996366333e-05,7.924371996370638e-05
V290,2.0320384732617603e-05,1.7547646246470728e-05,9.679136621013405e-05,7.924371996366333e-05,7.924371996370638e-05
V291,2.0320384732617603e-05,1.7547646246470728e-05,9.679136621013405e-05,7.924371996366333e-05,7.924371996370638e-05
V286,2.0320384732617603e-05,1.7547646246470728e-05,9.679136621013405e-05,7.924371996366333e-05,7.924371996370638e-05
V287,2.0320384732617603e-05,1.7547646246470728e-05,9.679136621013405e-05,7.924371996366333e-05,7.924371996370638e-05
V285,2.0320384732617603e-05,1.7547646246470728e-05,9.679136621013405e-05,7.924371996366333e-05,7.924371996370638e-05
V284,2.0320384732617603e-05,1.7547646246470728e-05,9.679136621013405e-05,7.924371996366333e-05,7.924371996370638e-05
V279,2.0320384732617603e-05,1.7547646246470728e-05,9.679136621013405e-05,7.924371996366333e-05,7.924371996370638e-05
V280,2.0320384732617603e-05,1.7547646246470728e-05,9.679136621013405e-05,7.924371996366333e-05,7.924371996370638e-05
V321,2.0320384732617603e-05,1.7547646246470728e-05,9.679136621013405e-05,7.924371996366333e-05,7.924371996370638e-05
V318,2.0320384732617603e-05,1.7547646246470728e-05,9.679136621013405e-05,7.924371996366333e-05,7.924371996370638e-05
V319,2.0320384732617603e-05,1.7547646246470728e-05,9.679136621013405e-05,7.924371996366333e-05,7.924371996370638e-05
V316,2.0320384732617603e-05,1.7547646246470728e-05,9.679136621013405e-05,7.924371996366333e-05,7.924371996370638e-05
V297,2.0320384732617603e-05,1.7547646246470728e-05,9.679136621013405e-05,7.924371996366333e-05,7.924371996370638e-05
V298,2.0320384732617603e-05,1.7547646246470728e-05,9.679136621013405e-05,7.924371996366333e-05,7.924371996370638e-05
V302,2.0320384732617603e-05,1.7547646246470728e-05,9.679136621013405e-05,7.924371996366333e-05,7.924371996370638e-05
V299,2.0320384732617603e-05,1.7547646246470728e-05,9.679136621013405e-05,7.924371996366333e-05,7.924371996370638e-05
V317,2.0320384732617603e-05,1.7547646246470728e-05,9.679136621013405e-05,7.924371996366333e-05,7.924371996370638e-05
V320,2.0320384732617603e-05,1.7547646246470728e-05,9.679136621013405e-05,7.924371996366333e-05,7.924371996370638e-05
V303,2.0320384732617603e-05,1.7547646246470728e-05,9.679136621013405e-05,7.924371996366333e-05,7.924371996370638e-05
V304,2.0320384732617603e-05,1.7547646246470728e-05,9.679136621013405e-05,7.924371996366333e-05,7.924371996370638e-05
V305,2.0320384732617603e-05,1.7547646246470728e-05,9.679136621013405e-05,7.924371996366333e-05,7.924371996370638e-05
V306,2.0320384732617603e-05,1.7547646246470728e-05,9.679136621013405e-05,7.924371996366333e-05,7.924371996370638e-05
V307,2.0320384732617603e-05,1.7547646246470728e-05,9.679136621013405e-05,7.924371996366333e-05,7.924371996370638e-05
V308,2.0320384732617603e-05,1.7547646246470728e-05,9.679136621013405e-05,7.924371996366333e-05,7.924371996370638e-05
V309,2.0320384732617603e-05,1.7547646246470728e-05,9.679136621013405e-05,7.924371996366333e-05,7.924371996370638e-05
V310,2.0320384732617603e-05,1.7547646246470728e-05,9.679136621013405e-05,7.924371996366333e-05,7.924371996370638e-05
V311,2.0320384732617603e-05,1.7547646246470728e-05,9.679136621013405e-05,7.924371996366333e-05,7.924371996370638e-05
V312,2.0320384732617603e-05,1.7547646246470728e-05,9.679136621013405e-05,7.924371996366333e-05,7.924371996370638e-05
