feature_a,feature_b,correlation
D4,D12,0.9999994444502625
V95,V322,0.9999490318416153
V96,V323,0.9999479830306203
V97,V324,0.9999471120856717
V101,V322,0.999697769580697
V279,V322,0.9996241901742509
V95,V101,0.9995942893548114
V279,V293,0.9995681981827305
C7,C12,0.9994888253017926
V280,V324,0.9994635950225272
V293,V322,0.9994033065734065
V167,V177,0.9993640823911095
V103,V324,0.9992579517914882
V105,V329,0.9991007660948942
V101,V293,0.998918895571184
V102,V323,0.9988282863048903
V295,V324,0.9988270319491371
V97,V103,0.9987886029828466
V95,V279,0.9987101011107662
V280,V295,0.9986233741734423
V294,V323,0.9985919165986661
V95,V293,0.998474990509323
V101,V279,0.998453517384557
V177,V211,0.9981198109713965
V106,V330,0.9980024524522824
V132,V322,0.9979836931663728
V167,V211,0.9977840346629144
V133,V323,0.9976509563421428
V316,V322,0.9974771653268593
V134,V324,0.9973026443214
V132,V316,0.997222270716255
V96,V102,0.9971042287258702
V317,V323,0.9970660225867086
C8,C10,0.9969699489971502
V318,V324,0.9966887964321619
V127,V332,0.9966546709534685
V143,V164,0.9965512964346885
V307,V332,0.9965153106368724
C1,C11,0.9965147332633475
V128,V333,0.9962754515331796
V266,V269,0.9960966444620841
V179,V213,0.9960314429000411
V133,V332,0.9960042446756183
V217,V231,0.9959701444108808
V168,V213,0.9957851833665696
V317,V332,0.9957651926436254
V103,V134,0.995734941543977
V101,V132,0.9956372284936856
V102,V133,0.995615249707707
V298,V329,0.9955237296326868
V95,V132,0.9952581709619052
V126,V331,0.9950993618561284
C1,C2,0.9950894592234939
V308,V333,0.9950641630698386
V168,V179,0.9950047489811292
V323,V332,0.9949897771766637
V96,V332,0.9948805097741351
V102,V332,0.9948366795660314
V294,V332,0.9946325636621866
V132,V293,0.9945673279417863
V232,V233,0.9944958920905442
V134,V323,0.9943987794179641
V132,V279,0.9941821327414276
V97,V134,0.994022133567496
V318,V323,0.9939136944863838
C2,C11,0.9938978018238349
V103,V323,0.9938576051081698
V293,V316,0.9938413903960517
V307,V323,0.9937009845230234
V127,V323,0.9936351456559878
V295,V323,0.9935712356686236
V306,V331,0.993540139471018
V279,V316,0.993525700669885
V134,V333,0.9935211967040142
V211,V316,0.9931726160349125
V101,V316,0.9931517674546797
V318,V333,0.99312119723548
V132,V211,0.993064497764193
V299,V330,0.9929770929486857
V178,V179,0.9928294014700227
V280,V323,0.9927976824436532
V177,V293,0.9927647706722588
V101,V177,0.9927603038953584
V97,V323,0.9927454848390391
V178,V213,0.9927408299622923
V332,V333,0.9927378836964355
V95,V316,0.9927279466679039
V323,V324,0.9927195836237273
V96,V324,0.9926633469701925
V164,V316,0.9925840068106201
V132,V177,0.9925680302135609
V132,V164,0.9925377230624197
V177,V316,0.9923851317581476
V177,V322,0.9923804254653174
V96,V133,0.9923257910279102
V127,V133,0.9922611079187221
V167,V322,0.9922163357105225
V177,V279,0.992181741105684
V134,V318,0.9921716167821105
V167,V293,0.9920683215639583
V101,V167,0.9920582145819292
V101,V164,0.9919959833346097
V95,V177,0.9919574329188179
V167,V279,0.9919238052354908
V295,V318,0.9918844915000489
V132,V167,0.9918560921034137
V126,V306,0.9918510603748792
V164,V293,0.9918112095114314
V134,V332,0.9917878122624548
V307,V317,0.9917226827398786
V164,V322,0.9917048775307491
V95,V167,0.9916993000204376
V167,V316,0.9916818597606936
V296,V298,0.9916657762130813
V95,V164,0.9916537683590142
V164,V279,0.9915795386648668
V318,V332,0.9915235558457526
V231,V233,0.9915217293379895
V102,V103,0.9915155476205229
V17,V18,0.9914739414399573
V128,V134,0.991355362690662
V324,V333,0.9913326819517201
V296,V329,0.9912428119802494
V97,V333,0.99117622261838
V133,V134,0.9911305746266463
V101,V211,0.9911298847156973
C6,C11,0.9911048342777391
V103,V333,0.9910830694448981
V211,V293,0.9910402476100607
V280,V333,0.9908661111964675
V96,V97,0.9907965752063215
V308,V318,0.9907224805118277
V295,V333,0.9907132779300132
V96,V103,0.9906764474370318
V128,V324,0.9906587318435505
V280,V318,0.9906477374222817
V214,V276,0.990599624602592
V219,V232,0.990591158188231
V211,V279,0.9905087055766384
V180,V182,0.9904475458932073
V211,V322,0.9904158461159515
V132,V331,0.9903887450035921
V202,V211,0.9903872466605919
V95,V211,0.990332455475433
V308,V324,0.9902416337560951
V316,V331,0.9900864030262898
V128,V332,0.9899097166840349
V101,V143,0.9898844972120294
V102,V134,0.989763800407703
V217,V233,0.9896685900609645
V133,V178,0.9896608403612112
V143,V293,0.9896156181344147
V102,V324,0.9895718501954792
V102,V178,0.9895629643634214
V95,V143,0.9895357691204324
V143,V322,0.9894832023512812
V308,V332,0.9894450873778837
V143,V279,0.989293645965235
V294,V324,0.9892260733022996
V168,V178,0.9891830045473002
V97,V280,0.9891519712701552
V127,V333,0.989048128012697
V127,V128,0.98897426923156
V167,V202,0.9889603451325707
V99,V326,0.9887730093553961
V128,V308,0.9887564588074889
V134,V179,0.9886269655696645
V202,V306,0.9885540619798349
V97,V102,0.9885334373704705
V219,V233,0.9884403359041999
V103,V295,0.9883636349548707
V126,V132,0.9883483334706369
V307,V333,0.988320101939739
V96,V134,0.9882726495797977
V103,V280,0.9882257480704483
V103,V179,0.9881413544847613
V103,V332,0.9881056453091266
V132,V143,0.9880880106299753
V96,V127,0.9878743041806106
V295,V332,0.9878640788868839
V179,V318,0.9877926783612733
V178,V323,0.987788341363779
V306,V316,0.9877665180827887
V104,V328,0.9877113790472115
V103,V318,0.9876342622892901
V143,V316,0.9876163779744482
V96,V178,0.9875036243642166
V164,V211,0.9874830012034528
V177,V202,0.9873517000563063
V211,V331,0.9872368646294559
V178,V212,0.9872267480785419
V97,V295,0.9870686176739161
V100,V327,0.9870160414777691
V202,V331,0.9869953797663783
V179,V295,0.986943321538469
V133,V324,0.9869089933432554
V15,V16,0.9867266097734431
V178,V332,0.986662831097559
V126,V211,0.9865997872321205
V102,V127,0.986569658052558
V322,V331,0.986562698200216
V164,V177,0.9865466538705961
V280,V332,0.9865313976118101
D5,D7,0.9864959630083651
V153,V154,0.9864714788460451
V324,V332,0.9864138262842713
V323,V333,0.9863707090441686
V97,V332,0.9863636902829584
V126,V322,0.9863422659572809
V95,V331,0.986338625628512
V179,V324,0.9863354863236113
V306,V322,0.9863067530730038
V179,V323,0.9862537602546071
V96,V333,0.9862458118751994
V317,V324,0.9862346219544271
V97,V128,0.9862337974857125
V177,V331,0.9862171532018299
V31,V32,0.9862010299188071
V167,V331,0.9861912871888517
V279,V331,0.9861591404968003
V102,V179,0.9859883764403793
V101,V331,0.9859706640067117
V97,V179,0.98593803514828
V308,V323,0.9858519793787706
V97,V318,0.9858363286340921
V96,V179,0.9858314032581073
V128,V323,0.9858172167747516
V164,V167,0.9857784540698921
V293,V331,0.9857352407951503
V126,V177,0.9857243017813099
V126,V202,0.9857239469046287
V103,V133,0.9856718467274408
V126,V167,0.9855624879106137
V103,V128,0.9855036957335782
V126,V316,0.9854762860394191
V179,V280,0.9852303081525091
V127,V134,0.9850697566015868
C7,C10,0.9850616676560336
V127,V178,0.9850288582523102
V127,V324,0.9850176117060584
V212,V213,0.9849427836806762
V133,V179,0.9848472337209153
V307,V324,0.9848231659247486
V132,V306,0.9846242009791403
V133,V333,0.9844860227787011
V216,V278,0.9844444121271869
V134,V295,0.9842478653115773
C6,C14,0.984201070361345
V255,V256,0.9840824290906649
V102,V333,0.9840057090129072
V250,V251,0.9839949614949081
V317,V333,0.9839801899112759
V178,V317,0.9839353670759126
V134,V213,0.983906281530723
C10,C12,0.9838169468512061
V179,V333,0.9837677971483617
V294,V333,0.9837082349753259
V134,V280,0.9837028202484313
V217,V232,0.9836800036936982
V179,V332,0.983678068385383
V211,V306,0.9835676610712446
V133,V318,0.9835369197332894
V231,V232,0.9835254411323435
V128,V318,0.9834478904692417
V143,V177,0.9834199083856817
V213,V318,0.9833616724896088
V294,V317,0.9831190564176407
V217,V219,0.9831006187677225
V134,V308,0.9830810629709024
C8,C12,0.9830271643527599
C7,C8,0.9829833764483118
V128,V179,0.9828014403642102
V143,V167,0.9825700265664078
V168,V212,0.9825527586366969
V280,V308,0.9824757809757018
V202,V316,0.9824517301178335
V97,V133,0.9824073095557841
V177,V306,0.9823622791779856
V132,V202,0.9823574069733382
C1,C6,0.9822377722079176
V167,V306,0.9822050024243206
V205,V266,0.9820050654280067
V95,V126,0.9819970094946223
V127,V179,0.9819546466851159
V102,V318,0.9818778276514032
V133,V213,0.9818545970453951
V145,V150,0.9817993064134884
V102,V213,0.9815987829155299
V164,V331,0.9814988279302558
V31,V50,0.9814565102259213
V103,V213,0.9814082659204952
V143,V211,0.9813650638957215
V164,V306,0.9813163151351443
D1,D2,0.9813113910394917
V101,V126,0.9811803824083543
V204,V212,0.9810811667118063
V295,V308,0.9810413914743196
V134,V178,0.9809958345489199
V213,V323,0.9809114760988084
V96,V213,0.9808643077718838
V168,V204,0.9807441492377151
V126,V279,0.9806919068898731
V126,V164,0.9806615879224718
V96,V280,0.9806236161973386
V128,V133,0.9805901517655955
V279,V306,0.9804621746956381
V179,V308,0.9802820171437681
V96,V318,0.9802767981429851
V178,V318,0.9802616043198418
V234,V236,0.9801899175382035
V213,V332,0.9801820251992894
V102,V295,0.9801342921029867
V213,V295,0.9801174041283874
V101,V202,0.9800959161134831
V126,V293,0.9800696227006539
V202,V322,0.9800079996463619
V202,V293,0.9799969106865463
V202,V279,0.9799953462173948
V95,V202,0.9798534081299942
V103,V168,0.9797651067301154
V134,V168,0.9797480077903068
V178,V307,0.9797353623938321
V293,V306,0.9795351538514286
V95,V306,0.979404307112081
V205,V269,0.9793340103629308
V127,V213,0.9792096340713571
V96,V295,0.9791793565806084
V127,V308,0.9791393378636023
V168,V324,0.9791072431175665
V179,V317,0.97907513627656
V96,V128,0.9790067274010805
V168,V318,0.9789437014310836
V101,V306,0.9788078352162712
V213,V324,0.9787721045085896
V97,V213,0.9787461667708707
V213,V333,0.9787072832136638
V97,V168,0.9786904027068869
V102,V280,0.9786419507444677
V168,V295,0.9785532834875187
V103,V127,0.9785465181974249
V128,V213,0.9784587211800689
V103,V178,0.978438457279904
V105,V298,0.9782852479064387
V213,V280,0.9780402789088334
V97,V127,0.978029033790297
V97,V308,0.9779826637695251
V168,V280,0.9778796896836989
V102,V128,0.9777779829622717
V253,V254,0.977727755654682
V103,V308,0.9775752141156536
V204,V213,0.9775600234049269
V168,V323,0.9774811013011682
V178,V294,0.9773888254695787
V127,V318,0.9773756335683159
V178,V295,0.9772846722434776
V96,V168,0.9770625535802816
V106,V299,0.977030369083144
V164,V202,0.9768823066871029
D6,D12,0.976833947412869
V179,V307,0.9764570234907651
V213,V317,0.976308486658421
V213,V308,0.9762285766497706
V149,V156,0.9761680054665375
V168,V333,0.9761112917637164
V148,V155,0.9759783979575645
V102,V168,0.9759529852225204
C2,C8,0.9758629919515445
V33,V94,0.9757959401644503
V143,V306,0.9757448155065807
V126,V143,0.9757177765707202
V143,V331,0.9756878031796775
V128,V280,0.97559913834588
V128,V168,0.9750776780101506
V178,V324,0.975028296877949
V97,V178,0.9748648311972347
C2,C6,0.9748448481316238
V219,V231,0.9746976474461013
V299,V329,0.9746471185075299
V178,V333,0.97456785611668
C4,C11,0.9745466372849689
V178,V280,0.9744891209452395
V133,V168,0.9744853989687058
V168,V332,0.9744794059962009
V133,V295,0.9743760961516449
V242,V244,0.9743183641398957
V128,V295,0.9739989258039711
V179,V212,0.9738434986935655
V179,V294,0.9738078531369357
V128,V178,0.9737961379570425
V213,V307,0.9737265336065818
V133,V308,0.973050116153413
V27,V28,0.9730494092646937
V206,V311,0.9730248591632239
V150,V151,0.9728673217003337
V127,V168,0.9727122709755867
V133,V280,0.9726358620213531
V168,V308,0.9725320015875654
C2,C4,0.9721337740566047
V215,V278,0.9719231976856285
V178,V308,0.9716569173863504
V295,V317,0.9715037949772563
V96,V308,0.9713150336335034
V307,V308,0.971068855146321
V50,V92,0.9707600631719128
C2,C10,0.9706239088171714
V271,V272,0.9706202054198125
V191,V196,0.9705593271662694
V294,V307,0.9704651235141826
V102,V308,0.9704175553670779
V143,V202,0.9701969137185785
V317,V318,0.9701845555399743
V221,V222,0.9700395744964062
V329,V330,0.9696014054377641
V218,V219,0.9695627401236364
V106,V329,0.9693864426734943
V213,V294,0.9693688202995161
V168,V317,0.9687734559808621
V10,V11,0.9686698705849376
V287,V327,0.9686572145556679
V150,V159,0.968533828240691
V105,V330,0.9681890133057446
V28,V89,0.9680864632844214
V297,V328,0.9679341211355348
V127,V280,0.9678906339840426
C1,C4,0.9678002004097163
C1,C8,0.9677463528943373
V48,V49,0.9677437626272701
V307,V318,0.9675385845386617
V280,V317,0.967506895363374
V21,has_identity,0.9674764375671417
V168,V307,0.9672266105468375
V127,V295,0.967160338445668
V133,V212,0.9667635500820078
V295,V307,0.9665872736495318
V31,V92,0.9659364955648154
V280,V307,0.965869868125062
V102,V212,0.965592450553847
V202,V263,0.9655917679088576
V291,V292,0.9654620579872651
V21,V22,0.9646272955007049
V50,V71,0.9643550509743105
V203,V204,0.9643490328079893
V167,V217,0.9642452706313548
V168,V294,0.963850190422602
V71,V72,0.9638187798517888
V212,V332,0.9637379429663248
V178,V204,0.963685384217516
V248,V249,0.9633512229980641
V236,V237,0.9632452245948028
V96,V212,0.9631342515908613
V92,V93,0.9631077722961857
V179,V204,0.9630568211064301
V212,V323,0.9630458203791092
V57,V58,0.962970881881211
V177,V231,0.9628937662018431
V302,V304,0.9627862490578386
C8,C11,0.9627215780026751
V151,V159,0.9627050011352496
V127,V212,0.9626192610777362
C11,C14,0.9624645830405704
C4,C6,0.9623192744263843
V69,V70,0.9621340663424872
V129,V269,0.9619264026002227
V212,V317,0.9618566790975467
V105,V324,0.9617105533258838
V145,V160,0.9616687254115672
V298,V330,0.9616287050628963
V32,V50,0.9610041236000604
V177,V217,0.9609851753864195
V105,V106,0.9609365896466454
V324,V329,0.9609351010100828
V179,V233,0.9608016683609439
V71,V92,0.9606907235647095
V153,V155,0.9606608870193606
V97,V329,0.9605964391039471
V211,V273,0.9604528953127114
V187,V192,0.960413262170854
V129,V266,0.9602164921422502
C4,C8,0.9599954810304452
V105,V296,0.9598193278434056
V90,V91,0.9596916080401653
V285,V326,0.9596168711981732
V168,V219,0.9592920629136209
V33,V34,0.9592427673780389
V280,V329,0.9592170068797259
V167,V231,0.9591531965277957
V270,V272,0.9590138406898713
V15,V57,0.9589670418434714
V203,V212,0.9589046248219362
V15,V33,0.9587728085081085
V31,V71,0.9587319745518716
V308,V317,0.9587044460685701
V144,V150,0.9584494220469844
C1,C10,0.9582021807774743
V29,V30,0.9579519306809768
V212,V307,0.9578340865150342
V42,V84,0.9575883522371468
V178,V233,0.9574919474795809
V127,V307,0.9574609495482759
V192,V193,0.9573306210358373
V134,V212,0.9572123640756357
V206,V266,0.9569894640347457
D4,D6,0.9569657730535419
V129,V206,0.9569115137412296
V212,V318,0.9568058485927686
V177,V233,0.9568000859535366
V298,V324,0.9565287354744763
V296,V330,0.9564430143144693
V168,V233,0.9561189993127968
C10,C11,0.9560557324215362
V248,V253,0.9558876950989023
V206,V269,0.9556507915325505
V298,V299,0.9556150104778338
V179,V232,0.9554638519448675
V213,V275,0.9554168193305351
V73,V74,0.9552638303946442
V190,V199,0.9552176708521325
V63,V84,0.9551563887767458
V21,V84,0.9550478620505238
V133,V317,0.9546336026058527
V157,V158,0.954519888922906
V248,V254,0.9544924562305751
V167,V233,0.9543528525463472
V179,V219,0.9542182358610579
V179,V231,0.9537278822367048
V167,V178,0.9536587711892666
V155,V156,0.9536473045528765
V309,V334,0.9536251923234913
V212,V294,0.9536048436054341
V15,V94,0.9535817063751755
V178,V232,0.9535340843328045
V42,V63,0.9533511479841845
V103,V212,0.9532852599033749
V179,V217,0.9532713140063019
V162,V163,0.953248621499752
V80,V81,0.9532232748880203
V59,V60,0.9532044377343678
V218,V232,0.95306164102504
V224,V225,0.9528993498648626
V168,V217,0.9527239711179867
V144,V145,0.9526489920350676
C4,C10,0.9524664323346516
V231,V273,0.9524426630209255
V133,V307,0.9522919058386526
V212,V295,0.952101042946418
V148,V153,0.9520714698985242
V167,V219,0.952024663352658
V51,V52,0.952022121056571
V42,V43,0.9520015326756373
V178,V211,0.9519135428763846
V17,V21,0.9518087273268867
C1,C14,0.9517609999340592
V178,V219,0.9515690044761613
V103,V329,0.9515351857686576
V168,V232,0.951470646606424
V105,V323,0.9512783806621654
V295,V329,0.95106545000638
V294,V295,0.9510356672595977
V51,V94,0.9509894010269881
V133,V322,0.9509196890592672
V177,V232,0.9507874793598183
V105,V299,0.9507808236867265
V204,V265,0.9507783731162625
V105,V333,0.9507355137487938
V212,V333,0.9506918009366938
V177,V178,0.9506717065270991
V215,V277,0.9505795092626556
V217,V273,0.9505502963597008
V323,V329,0.950546973619747
V128,V212,0.9504723100732863
V317,V322,0.9503664171005027
V329,V333,0.9503558421088506
V148,V149,0.9502322011610397
V96,V329,0.9501647418871203
V102,V317,0.9499298030864606
V102,V322,0.9499085954174479
V276,V278,0.9497811131041274
V294,V322,0.9496745116227386
V178,V231,0.949606188431501
V273,V275,0.9495558854468088
V129,V334,0.9495152374424933
V178,V217,0.949481932332384
V97,V212,0.9494518462019669
V296,V324,0.9494471322721441
V161,V163,0.9492930329402028
V128,V329,0.949252897281514
V212,V324,0.9492464955991782
V216,V276,0.9491401672994076
V212,V280,0.9490938371691818
V154,V155,0.9489995604324035
V277,V278,0.9489885393220728
V167,V179,0.9487514411839285
V167,V232,0.9487135345206235
V212,V308,0.948711773554322
V95,V102,0.9486838002218421
V266,V309,0.948351298161554
V132,V133,0.9482070090865171
V167,V213,0.9481262805928735
V308,V329,0.9480906169427442
V58,V79,0.9479323430320181
V102,V279,0.9479205455147068
V96,V307,0.9476399275798277
V204,V308,0.9475490716931304
V298,V323,0.9474844385934653
V177,V219,0.947286180309908
V133,V211,0.9472742162262121
V134,V329,0.9472540547047289
V331,V332,0.9471383132661017
V182,V183,0.9470363649427265
V211,V213,0.9469450044871077
V127,V317,0.9469383878649612
V21,V63,0.9469288101975758
V181,V235,0.9468899155072594
V101,V102,0.9468054780448697
V318,V329,0.9466647604150992
V15,V50,0.946629970864816
V96,V317,0.946629294815153
V133,V167,0.9466235349188562
V102,V307,0.9466013894442981
V128,V307,0.9465153538747513
V269,V309,0.9464941487154309
V178,V202,0.9464207513754959
V206,V309,0.9464067189269492
V95,V133,0.9461871020552932
V238,V239,0.9461690556520779
V73,V94,0.9461648464340611
V280,V294,0.9460954323390606
V128,V204,0.9460937251040037
V168,V231,0.9460490834846907
V134,V317,0.945988046780933
V183,V237,0.9459069108172258
V32,V92,0.9458991656387935
V102,V293,0.9458761456931523
V298,V333,0.945847790874993
V72,V93,0.9458320981836195
V133,V316,0.9458211410571815
V139,V140,0.9457695489893116
V98,V325,0.945763866992365
V204,V333,0.9456741648146673
V177,V179,0.9455246856138007
V132,V178,0.9455194081170719
V84,has_identity,0.9455111398384453
V133,V279,0.945446770617671
V133,V177,0.945361104574248
V178,V316,0.9453581320575692
V178,V279,0.9452926848718947
V179,V211,0.9450792310519118
V95,V178,0.9450136022278122
V178,V322,0.9450079797159866
V102,V132,0.9449258735413676
V134,V307,0.944902692099416
V48,V90,0.944900913941141
V102,V167,0.9448348046277938
V18,V21,0.9447544792274911
V95,V323,0.9447480824578377
V279,V323,0.944722840047602
V96,V322,0.9447034535239072
V322,V323,0.9446797363371429
V133,V164,0.9446718115651521
V233,V273,0.944524233079388
V101,V133,0.9445064526967026
V164,V317,0.9444792858102727
V63,V64,0.9444497690713408
V126,V332,0.9444058431087359
V132,V332,0.9442505176238843
V102,V211,0.9441535762100609
V127,V204,0.9440496374194961
V21,V42,0.9440269542540056
V316,V332,0.9439891296655469
V202,V213,0.9439240856354528
V39,V40,0.9438882808527358
V204,V332,0.943863386352408
V177,V213,0.9438414459672033
V306,V332,0.943833470314146
V245,V259,0.9438316377455919
V134,V204,0.9438130538775032
V58,V72,0.9437134783755903
V134,V322,0.9437001334375578
V16,V33,0.9436356741689208
V101,V178,0.9436089069004481
V133,V293,0.9435693063881339
V133,V331,0.9435508040687761
V178,V293,0.9435300524295704
V97,V105,0.9434957969848767
V102,V177,0.9433608233287111
V204,V318,0.9433532361994607
V318,V322,0.9432663614596627
V57,V71,0.943166287437739
V317,V331,0.9431548380657265
V127,V331,0.9430873448305088
V279,V332,0.942745661968369
V132,V323,0.9427275877868844
V322,V332,0.9427029985357751
V102,V316,0.9426731123737638
V307,V331,0.9426696692470965
V95,V332,0.9426648548122843
V41,V88,0.9425859519282106
V145,V151,0.942457464243976
V150,V160,0.9423013054277984
V132,V134,0.9422928375254179
V316,V323,0.9422882168214095
V102,V164,0.942181343998628
V211,V317,0.9420309309530508
V164,V294,0.9420290481702566
V101,V323,0.9419631845409229
V307,V322,0.9417592114816827
V293,V323,0.9417453912236325
V105,V332,0.9417309001576075
V179,V279,0.9417084192128221
V179,V322,0.9417063291509737
V331,V333,0.9416971958286994
V95,V179,0.9416006415832437
V200,V201,0.9415817351050618
V95,V96,0.9414428031526738
V329,V332,0.9414257963548219
V103,V204,0.9414154334954796
V127,V322,0.9414112190457297
V214,V278,0.9413544042260787
V167,V317,0.9411688885325703
V178,V331,0.9411352168640851
V126,V178,0.9410809767632681
V95,V103,0.9410311892952868
V204,V307,0.9410308314087485
V95,V134,0.94102983353852
V296,V323,0.9410055510445793
V57,V73,0.9408981224447839
V103,V322,0.9408407437807408
V295,V322,0.9405807905651455
V33,V51,0.9404965384073368
V96,V279,0.9404865261239828
V167,V168,0.9403615866331227
V96,V204,0.9403573679864804
V103,V317,0.9403474289550946
V213,V273,0.940310524211326
V204,V323,0.9402629322593552
C2,C12,0.9402584325425684
V133,V204,0.940256322892486
V204,V295,0.9401516298983538
V126,V127,0.9401389574400302
V126,V128,0.9401260029790529
V101,V332,0.9401226689368675
V134,V279,0.9400119941987553
V338,V339,0.9400089046308087
V102,V204,0.9399717869250444
V293,V332,0.9399492949639981
V103,V279,0.9399294246035511
V177,V317,0.9399220515177545
V97,V204,0.9399150894224526
V132,V179,0.9398592998069278
V204,V324,0.9398450882948488
V134,V316,0.9397708867545828
V211,V332,0.9396919949138027
V179,V316,0.9396392989203983
V167,V332,0.9396113657625871
V127,V329,0.9395956455790905
V213,V316,0.9395906844302063
V132,V213,0.9395273139036852
V148,V154,0.939466286029469
V213,V279,0.9393727544253803
V216,V277,0.939313837709639
V179,V202,0.9392839410684549
V95,V213,0.9392593693438588
V101,V179,0.9392272268131713
V179,V293,0.9391542188651193
V213,V322,0.9391320998588101
V204,V280,0.9391019296389268
V102,V331,0.9390094713376799
V50,V57,0.9389892392761332
V133,V143,0.9389670261112377
V167,V323,0.9389608221045989
V42,has_identity,0.9389270005577933
V307,V329,0.938922551915825
V16,V57,0.9388813743698241
C2,C7,0.9388670279526119
V294,V331,0.9388200045353243
V133,V202,0.9387893802161297
V164,V178,0.9387768409742202
V32,V71,0.9387173166811292
V96,V167,0.9386957956534938
V103,V307,0.9385919728493693
V296,V333,0.938570395541172
V211,V275,0.9384798758380922
V143,V317,0.9384272504097568
V316,V318,0.9384244487089384
V96,V101,0.9384081717514406
V144,V159,0.9384069982618833
V127,V211,0.9382463035287748
V296,V299,0.9381801229385157
V101,V134,0.9381769225434491
V151,V152,0.9381737888106122
V312,V336,0.9381607852039899
V297,V330,0.9381341848696189
V126,V133,0.938127135814301
V178,V306,0.9380437531685122
V127,V167,0.9380379593696065
V97,V307,0.9380257332381059
V101,V103,0.9378836463755896
V126,V333,0.9378569643981918
V303,V304,0.9378361047249621
V298,V332,0.937807359988811
V102,V143,0.9377421820610656
V326,V327,0.9377166163114745
V177,V332,0.9375387847457891
V143,V294,0.937531761736231
V320,V321,0.93749967419979
V202,V332,0.9374341419432756
V96,V211,0.9374098806616936
V96,V293,0.9374023583070443
V128,V331,0.9373655045106375
V211,V323,0.9371916350082434
V101,V213,0.9371857009674057
V97,V317,0.9371641781971817
V134,V293,0.9371635015809998
V84,V85,0.9371557644951063
V213,V293,0.9370486132845818
V306,V308,0.9369888592172729
V167,V212,0.9369812263682659
V202,V212,0.9369536739769381
V103,V293,0.9368520261979114
V308,V331,0.9367877143154735
V102,V329,0.9367338667347184
V177,V323,0.9366952034178048
V280,V322,0.9366489004959498
V306,V333,0.936632280151042
V96,V132,0.9365951094915685
V179,V331,0.9365296517528773
V96,V177,0.9364949435476633
V213,V331,0.9364528561818924
V232,V273,0.9364258347803344
V126,V179,0.936400500841963
V294,V329,0.9363739642462009
V134,V331,0.9363657303894243
V127,V202,0.9363083906520353
V104,V330,0.9362448307778269
V164,V332,0.9362401741683798
V106,V298,0.9362157993060345
V279,V318,0.9362106435032289
V57,V94,0.936172763824725
V126,V213,0.9361558626623074
C2,C14,0.9361484959177756
V318,V331,0.9361389171743635
V97,V322,0.9360901189769686
V127,V177,0.9360634143127324
V322,V324,0.9360617660226603
V95,V324,0.9360515962708489
V95,V97,0.9360493029076813
V96,V164,0.9360257994941833
V164,V323,0.9359772981221878
V134,V167,0.9359493903927283
V51,V73,0.9358770367482555
V211,V212,0.9358644929953215
V128,V317,0.9357958402426185
V279,V324,0.9356898658726197
V102,V202,0.9356675256146095
V33,V73,0.9356247105301182
V127,V132,0.9355957799661014
V164,V307,0.9354986583412671
V168,V218,0.9354492060164963
V133,V306,0.9354111522771643
V27,V89,0.9353318798712147
V164,V318,0.9353139187845593
V167,V318,0.9353100766642383
V127,V164,0.9353033037808378
V134,V164,0.9352543129278036
V59,V63,0.9349895132211312
V204,V317,0.9349580418461719
V202,V307,0.9348865220167133
V134,V211,0.9348645773615288
V127,V306,0.9348606610510213
V136,V137,0.9348244788341473
V97,V279,0.9347590838667765
V168,V211,0.9347205325769768
V103,V132,0.9346251090146347
V132,V318,0.9346074825474152
V211,V318,0.9344925881694324
V22,V42,0.9343887612115672
V279,V295,0.9343329672191324
V96,V316,0.9342726596947454
V306,V323,0.9341607033945187
V168,V177,0.934138461354779
V126,V134,0.9340656284537886
V323,V331,0.9339841097887314
V168,V202,0.933978859604133
V126,V323,0.9339717525626199
V96,V331,0.9339078375047462
V50,V93,0.9338519754639392
V34,V94,0.933830993131915
V211,V307,0.9336793747140333
V134,V177,0.9336424129125012
V202,V317,0.9335619991420874
V187,V193,0.9335436432476034
V164,V213,0.9334288604406065
V143,V178,0.9334183452210401
V128,V306,0.9333759785380763
V95,V318,0.9333613417147518
V293,V318,0.9333542908220627
V95,V127,0.9333168776117337
V102,V126,0.9332937341228752
V213,V306,0.9332721721495681
V167,V294,0.9332539779714711
V167,V307,0.9332249655150883
V96,V105,0.9331820924215716
V179,V306,0.9331561014020573
V164,V179,0.9331324951319453
V127,V316,0.9331161341259934
V50,has_identity,0.9330274690568022
V177,V318,0.9330043312931142
V249,V254,0.9330004823210168
V16,V94,0.9330004821482475
V212,V275,0.9328925928786089
V132,V333,0.9328215257051223
V100,V326,0.932768902885771
V322,V333,0.9326961150505069
V308,V322,0.9326580649721596
V95,V333,0.9325504927034992
V211,V294,0.9325149191238534
V316,V333,0.9324962465213739
V105,V280,0.9323784157548177
V105,V179,0.9323699845634171
V105,V168,0.9323695759767113
V279,V333,0.932338884905233
V127,V279,0.9323237196249755
V103,V316,0.9322925961447169
V146,V147,0.9322158851735012
V29,V90,0.9321917973263372
V103,V105,0.9321350103376536
V133,V329,0.9321284766340262
V128,V322,0.9320995234969116
V101,V324,0.932046612271226
V168,V329,0.9319666370084748
V179,V329,0.9318763479938106
V97,V101,0.9318511755655012
V177,V294,0.9318183594577821
V293,V324,0.931740153655922
V328,V330,0.9317379477903457
V103,V167,0.9316668459966052
V35,V36,0.9315764946494934
V50,V72,0.9315726047383173
V96,V143,0.9314852505758359
V317,V329,0.9314657288381216
V294,V318,0.931438230237625
V143,V323,0.9313638375636167
V207,V266,0.9313591886215139
V102,V306,0.9313420820045027
V293,V295,0.9313241972652103
V177,V307,0.9312929354387006
V132,V324,0.9312883144633598
V148,V156,0.9311577249646745
V16,V34,0.931086465680308
V279,V280,0.9310093760279678
V72,V92,0.9310002994115706
V219,V273,0.9309336239271098
V177,V212,0.9309085704760158
V99,V327,0.9308618948237029
V134,V306,0.9307995878511177
V316,V324,0.9307734625106668
V296,V332,0.9307668702586607
V97,V293,0.9307597483017637
V218,V233,0.930716235611727
V167,V295,0.9306877187833285
V101,V318,0.9305798661608261
V22,has_identity,0.9304633250863054
V168,V322,0.930411871196409
V134,V143,0.9304079397124074
V101,V127,0.9303974805503876
V168,V279,0.930339627428495
V95,V168,0.9302657544866446
V103,V164,0.9302229642689355
V17,has_identity,0.930193674235953
V95,V295,0.9301257870186856
V164,V295,0.9300658825861496
V143,V318,0.9300056136144538
V215,V276,0.9298737286307867
V211,V231,0.9298328439466098
V128,V132,0.9298128304197105
V306,V318,0.9297912970763555
V96,V202,0.929707679778928
V154,V156,0.9296914418686004
V143,V332,0.9295853532813795
V186,V190,0.9295576450505741
V105,V128,0.9295114816152291
V211,V217,0.9294375974757133
V202,V323,0.9294353568433339
V127,V293,0.929372595552482
V127,V143,0.9292873542564527
V202,V308,0.9292318952383486
V143,V179,0.9291770145943019
V143,V307,0.9290906049796428
V103,V177,0.9290614821316506
V126,V308,0.9290597867499872
V207,V269,0.9289912870675743
V101,V333,0.9288037047890059
V97,V132,0.9286464757989619
V103,V211,0.9286151030081077
V103,V331,0.9285673561299744
V293,V333,0.9285541764479517
V15,V79,0.9284384294133072
V295,V331,0.9283616675681576
V63,has_identity,0.9282412716652486
V204,V294,0.9281951059050619
V31,V93,0.9281706244674285
V300,V301,0.9281094271930314
V177,V295,0.9280927259834422
V31,V72,0.9280263948193955
C1,C12,0.9279394882293786
V18,V22,0.9279132974783508
V132,V168,0.9278526442366238
V221,V259,0.9278276666651005
V266,V311,0.9278144596101913
V95,V128,0.9277704746363487
V168,V316,0.9276799623117497
V134,V202,0.9276009813470827
V177,V273,0.9275771803477707
V211,V295,0.927546553793084
V167,V333,0.927528758796261
V101,V168,0.9272859153477709
V103,V143,0.9272520808522088
V168,V293,0.9272179260122336
V202,V318,0.9272126921753039
V128,V316,0.9271862556001692
V101,V295,0.9270628351659848
V202,V333,0.9270525449747823
V143,V295,0.9270213079936953
V143,V213,0.9269581673055987
V179,V218,0.9269555375205621
V280,V293,0.9269424084245064
V202,V204,0.9268926418118383
V95,V280,0.9268652329246252
V269,V311,0.9268614329475808
V149,V155,0.9268382179997818
V128,V167,0.9267352901369972
V266,V334,0.9266820642497824
V128,V279,0.9264902560089686
V168,V298,0.9264212989927723
V57,V79,0.9263809185065616
V126,V318,0.92633618245425
V179,V298,0.9262948320222252
C1,C7,0.9262580068804313
V97,V316,0.9262574512940623
V178,V218,0.9262477651746952
V96,V126,0.9262448420853582
V15,V58,0.9262256204186914
V308,V316,0.9262205298523757
V217,V218,0.9261642337087277
V167,V280,0.9260960400720787
V167,V324,0.9260763890559036
V269,V334,0.9260633620814358
V128,V202,0.9259782676590288
V211,V333,0.9259540443684653
V212,V316,0.9259224625242158
V97,V167,0.9259146556274009
V12,V13,0.9258475710897718
V59,V302,0.9258409964532803
C5,C9,0.9257858192208444
V132,V212,0.9257537182908921
V49,V91,0.9257456272882665
V16,V50,0.9256183981196147
V105,V134,0.9254639213053215
V164,V280,0.9254332424046394
V168,V331,0.9253731483060496
V167,V273,0.9252990668463533
V295,V316,0.9252930577480422
V69,V90,0.9252549509654165
V128,V211,0.9252395594786367
V167,V308,0.9251478099612367
V126,V168,0.9251328072933385
V156,V158,0.9250465456962724
V71,V93,0.9248389804221611
V219,V275,0.9248272798365257
V155,V157,0.9247554238360687
V97,V164,0.9246454272268692
V164,V308,0.9246061833815407
V164,V324,0.924596713002788
V280,V331,0.9245913637475794
V211,V233,0.9244799789718428
V177,V333,0.9244043681039616
V103,V126,0.9243961623997208
V33,V57,0.9243369684539868
V106,V328,0.9242779396055204
V180,V183,0.9241921012113671
V167,V218,0.9241909009693949
V212,V279,0.9241791254813583
V164,V333,0.924162038426558
V202,V294,0.9240925466774378
V96,V306,0.9240707825911675
V324,V331,0.9240490708659489
V79,V93,0.9240264539336074
V211,V308,0.9239632558501131
V97,V331,0.9239448444139645
V126,V324,0.9239231678108626
V132,V295,0.9238783245921466
V95,V212,0.923870860753297
V306,V324,0.9238290421448396
V279,V308,0.9237672266037947
V131,V336,0.9237271493612937
V128,V177,0.9237233229444047
V212,V322,0.9236765205164813
V101,V128,0.9236228313422218
V128,V164,0.9235456726863427
V111,V113,0.9234405409768012
V311,V334,0.9234371097832066
V105,V213,0.9233618387521917
V15,V51,0.9231247038410504
V177,V280,0.9229091135121895
V101,V280,0.9228730478760153
V177,V324,0.9227530977799172
V101,V212,0.9226954758530513
V97,V177,0.9226677750020069
V212,V293,0.9226006359478385
V270,V271,0.9225756721886385
V128,V293,0.9225412338765447
V234,V237,0.9224737601379671
V211,V280,0.9224438312819178
V213,V329,0.9224379216220221
V143,V280,0.9223122983163659
V97,V211,0.9222919311333211
V132,V308,0.9222481295614624
V177,V308,0.9221863128586588
V280,V298,0.9221759172196325
V103,V306,0.9221618595935562
V15,V34,0.9220024519658967
V287,V326,0.921988164742767
C6,C8,0.9219717186964059
V211,V324,0.9219630169450496
V168,V306,0.9219607962643632
V319,V321,0.921923187232486
V212,V331,0.9217604883363401
V204,V263,0.9217379484786793
V97,V143,0.9216400110401806
V144,V151,0.9216040022239264
V126,V212,0.9215091102243534
V143,V324,0.9215073765740305
V97,V298,0.9214678840058941
V103,V202,0.921387028824448
V105,V295,0.9211884999829635
V280,V316,0.9211108290826152
V22,V63,0.9209128213581481
V164,V168,0.9209041533850101
V95,V308,0.9208629845685825
V129,V309,0.9207926501690326
V105,V308,0.9207177856210521
V183,V330,0.9206761880477107
V168,V203,0.920583897362766
V18,has_identity,0.9204540966004088
V53,V54,0.9204363484321927
V43,V64,0.9203884306853242
V213,V233,0.9203507398376273
V202,V295,0.9203036639289301
V105,V127,0.9202788564482294
V284,V325,0.9202350143934902
V105,V178,0.9199127648156002
V132,V280,0.919754325907039
V97,V126,0.9197542793432337
V293,V308,0.9196154812714754
V233,V275,0.9196118312051743
V164,V212,0.919496653362713
V179,V273,0.919456242617219
V21,V50,0.9193338203459135
V178,V329,0.9192358335646763
V212,V306,0.918956703908866
V143,V308,0.918897789176246
V57,V92,0.9187406509158264
V149,V158,0.9186176053256297
V75,V76,0.9184488207786681
V313,V315,0.9184332306461547
V294,V308,0.9183954110319078
V128,V143,0.9183491162898184
V211,V232,0.9183370339083903
V191,V193,0.9183302329044108
V177,V218,0.9182998951762417
V182,V203,0.918220109028391
V143,V333,0.918215749916943
V212,V273,0.9181468389110952
V232,V275,0.9180901127998545
V17,V22,0.917938264864706
V168,V296,0.9178196684435298
V105,V318,0.9178043980325012
V49,V90,0.9177563593457574
V145,V159,0.9177038369771982
V213,V298,0.9176654042226933
V299,V324,0.9176625049456846
V102,V105,0.9176183201155051
V104,V297,0.9176078170021394
V50,V94,0.9175436025472458
V179,V296,0.9175106883372252
V97,V306,0.917289938595852
V203,V265,0.9172145240742364
V211,V219,0.9171337343420082
V101,V308,0.9169554198652717
V22,V84,0.9169489658333732
V143,V168,0.9168106077651248
V33,V50,0.9167248588387971
V148,V157,0.9164408173389246
V64,V85,0.9164222032462511
V30,V91,0.9162189801880637
V181,V183,0.9161848155806529
V202,V280,0.9158717851182449
V97,V202,0.9158135844407858
C11,C12,0.9156926583289533
V149,V154,0.9155971177191086
V106,V296,0.9155392116828546
V43,V85,0.9154518214940833
V202,V324,0.91544957242397
V299,V328,0.9152670228115745
V295,V306,0.9152119613555649
C7,C11,0.9152088693563097
V15,V31,0.915194190184035
V4,V5,0.9151637593210419
V106,V183,0.915160539770705
V29,V48,0.9150666646272203
V43,V84,0.9150547106577843
V213,V219,0.9149410912817503
V180,V203,0.914924193026792
V178,V298,0.9147516512690288
V60,V302,0.9147325371528261
V29,V69,0.9146089916951402
V28,V68,0.9146023133907628
V213,V232,0.9145853166639851
V178,V273,0.914507483335054
V15,V71,0.9144739413918962
C6,C10,0.9144403059473436
V183,V299,0.9142349861098483
V335,V336,0.9141295563972092
V233,V324,0.9141179524694605
V182,V237,0.9141083697196695
V182,V204,0.9139275027064746
V92,has_identity,0.9137560242727037
V168,V273,0.9137409822599157
V126,V295,0.9136882119580837
V213,V217,0.9135600503796957
V153,V156,0.9135501671298365
V183,V236,0.9133741398731521
V135,V137,0.9133476834405224
V68,V89,0.9133045657410744
V15,V73,0.9132925752705975
V203,V213,0.9132562588040083
V302,has_identity,0.9132212334136895
V213,V231,0.9132143279063251
V212,V274,0.9131465119841291
V21,V31,0.9129603079223333
V96,V298,0.9129243739473468
V182,V236,0.91273690366598
V206,V334,0.9126085338379729
V179,V275,0.9124612093732533
V16,V32,0.9123322771939809
V280,V306,0.9123270489217309
V167,V204,0.912279211527601
V15,V92,0.9122475162427884
V42,V64,0.9122300986608352
V48,V69,0.912197947040744
V143,V212,0.9121455524130241
V181,V328,0.912130660508561
V31,has_identity,0.9120573511129009
V194,V197,0.9119938371378026
V131,V269,0.9118606458839161
V195,V198,0.9115750910890613
V218,V231,0.9113934483106471
V51,V57,0.9113626004950585
V32,V93,0.9113361606901815
V237,V330,0.9111299842613785
V232,V324,0.9110251645081873
V218,V274,0.911001584835349
V22,V50,0.910965588684975
V105,V133,0.9107421736606134
V126,V280,0.9106803040562839
V31,V57,0.9106064947317599
V316,V317,0.9105477509139275
V279,V317,0.9104168789081383
V103,V298,0.9102428156009899
V151,V160,0.9102383055153356
V43,V63,0.9102194725360647
V74,V94,0.9100609719202281
V217,V324,0.9100140789807355
V217,V275,0.910011307790044
V298,V308,0.910009730414901
V131,V266,0.9099260379021514
V32,V72,0.9098891637904303
V48,V91,0.9096077059578535
V102,V294,0.9092706839010625
V17,V84,0.9091632218094664
V295,V298,0.9091304153328265
V16,V79,0.9091130275028132
V213,V296,0.9089486799314912
V229,V243,0.9087765828791449
V235,V237,0.9087471539111417
V293,V317,0.9087105129337951
V168,V275,0.9086630001869741
V217,V322,0.9086270549288183
V219,V324,0.9085366408680943
V204,V211,0.9083905495048523
V231,V275,0.908241234307793
V178,V203,0.9082104866553258
V177,V275,0.908180735572474
V58,V71,0.9080843252359534
V57,V72,0.9079981411788787
V178,V275,0.9079577613736619
V182,V329,0.9079354383370601
V306,V307,0.9079186542337061
V10,V90,0.9077575512084181
V128,V298,0.907723294342576
V70,V91,0.9077171616669732
C4,C14,0.9076755778202159
V176,V190,0.907568484448624
V202,V265,0.9075364612408102
V337,V339,0.9073775227723803
V106,V324,0.9070134800119355
V16,V58,0.9069512151681967
V231,V322,0.9069236785601589
V266,V312,0.9066149156894162
V60,V304,0.9065841451814958
V96,V294,0.9064552867504476
V167,V275,0.9063934474495866
V334,V336,0.906311542375126
V58,V73,0.9062589060883791
V196,V207,0.906215239258132
V105,V182,0.9062010700610378
V17,V63,0.9061800461099503
V178,V296,0.9061637780991856
V263,V265,0.9060929802500572
V50,V58,0.9060217196830761
V72,V79,0.9060141440044618
V231,V324,0.9059639450991173
V21,V59,0.9058852882027763
V51,V74,0.9057648820638512
V246,V257,0.9057620818164863
V186,V196,0.9056834740309002
V214,V216,0.9055387536100178
V168,V182,0.9055084882636186
V324,V330,0.9053713593255728
V19,V20,0.9053337523572358
V52,V94,0.9051861961400439
V133,V294,0.9051697760142621
V44,V45,0.9051006839772934
V269,V312,0.9049722838527118
V280,V296,0.9049270949354954
V34,V51,0.9047818154674249
V97,V330,0.9046954579707807
V132,V317,0.9046043733063345
V298,V318,0.9045470215935184
V299,V333,0.9044265345850708
V58,V94,0.9043577231581523
V218,V236,0.9042528466876985
V79,V94,0.9040969827838067
V204,V306,0.9040475032853544
V134,V298,0.9039993922824116
V58,V93,0.9039008821536452
V233,V323,0.9036572368153464
V17,V80,0.9034657938378258
V42,V85,0.9034363225747912
V233,V322,0.9033337832628892
V16,V31,0.9032049573383137
V285,V327,0.9031440534519626
V307,V316,0.9030717975159058
V182,V298,0.9030028324555839
V177,V204,0.9029928100436919
V204,V331,0.9029560259152569
V64,V84,0.9028239418105102
V279,V307,0.9027959110552412
V16,V51,0.902729512933401
V21,V43,0.9026358671576278
V95,V317,0.9026112828535358
V39,V80,0.9024003553042123
V104,V106,0.9023558720026922
V22,V64,0.9022939408003262
V126,V204,0.9021857878311008
V182,V212,0.9020743511186351
V280,V330,0.9018839079379813
V30,V90,0.9017834914967051
V219,V323,0.9017753460953275
V232,V323,0.9017606776110559
V222,V259,0.9016670664601308
V59,V80,0.9016173817531745
V60,V64,0.9015163017726497
V229,V253,0.9015137099607505
V103,V294,0.9014116379805144
V21,V92,0.9012968805984576
V227,V245,0.9010690371976735
V101,V317,0.9010524308183472
V306,V317,0.9006721049467519
V266,V336,0.9006294790104503
V149,V153,0.9006173468793034
V212,V233,0.9004526387173631
V33,V74,0.9003927361037583
V97,V233,0.9002925112935033
V57,V74,0.900184095343545
V42,V59,0.9000298052636296
V63,V85,0.9000238278725925
V269,V336,0.8999843915523824
V127,V298,0.8998504286356965
V134,V294,0.8998431272484749
V293,V307,0.8998202954387767
V18,V84,0.8997879050838781
V17,V42,0.8997784250835076
V59,V84,0.8996955897316675
V52,V74,0.8995916626822621
V15,V32,0.8995657946948364
V188,V189,0.8994810246876156
V102,V233,0.8993838654722001
V50,V63,0.899345963409823
V232,V322,0.8993435023798619
V42,V50,0.8992516789665216
V126,V307,0.8992351357004461
V217,V323,0.8991891478780513
V103,V233,0.8986299398578951
V97,V294,0.8986219921817685
V18,V63,0.8983373638165616
V21,V85,0.8981303046053244
V50,V73,0.8978132339768855
V204,V279,0.8978006335840377
V95,V204,0.8977245165972991
V204,V316,0.8976428151716096
V204,V322,0.897622735878616
V97,V296,0.8975768171641574
V43,has_identity,0.897572591501057
V249,V253,0.8975300773221084
V132,V204,0.8975134231803605
V297,V329,0.8973621664289946
V102,V298,0.8972882067978731
V132,V307,0.8972704285434967
V29,V91,0.8972538428004928
V31,V94,0.8971893845118011
V50,V84,0.8971691142198233
V182,V296,0.8971598621509125
V21,V64,0.89700466388544
V97,V219,0.8966879371809857
V127,V294,0.8966584077702338
V70,V90,0.8966465909568054
V97,V217,0.8966156315075687
V212,V232,0.8966049498407576
V39,V59,0.8964728682816623
V80,V84,0.8963856533159397
V71,has_identity,0.8961358638177023
V217,V279,0.896128985846075
V31,V42,0.8961134998038074
V212,V219,0.8959379498643149
V31,V84,0.8959174762844708
V33,V52,0.8954473400331955
V95,V307,0.8954269744332836
V16,V71,0.8953507858127274
V21,V71,0.8953396821231299
V95,V217,0.8953392108841449
V52,V73,0.8951374749293551
C4,C7,0.8950924008662122
V102,V231,0.8950530762848277
V101,V204,0.8950513129875926
V34,V74,0.8950317553645553
V63,V71,0.8950304863662685
V34,V73,0.8950045161538519
V180,V236,0.8949560895954429
V21,V32,0.8949384853164012
V204,V293,0.8949259982986701
V30,V70,0.8948978771310196
V126,V317,0.8948755208601411
V103,V231,0.8948706395610907
V172,V196,0.8948485638984335
V102,V217,0.894812159973689
C4,C12,0.8946186565032591
V231,V279,0.8946020018536055
V213,V274,0.8945624369901576
V33,V79,0.894516351401279
V71,V94,0.894478854624396
V297,V299,0.8943648719286064
V95,V231,0.8943349026598253
V180,V237,0.8942172124633226
V103,V217,0.8942063483792309
V224,V253,0.8941669297632419
V22,V43,0.8941322314312515
V263,V306,0.894083231654749
V183,V329,0.8940561216339981
V105,V212,0.8939280738240436
V106,V237,0.893917151945609
V144,V160,0.8938843189269987
V16,V73,0.893854893587107
V231,V323,0.8937726039682554
V59,has_identity,0.8937046035873573
V30,V49,0.8936330533830695
V212,V217,0.8936199539152357
V253,V267,0.8935447651519607
V97,V232,0.8934401139293572
V105,V204,0.8934108416295977
V10,V48,0.8933908183882767
V97,V231,0.8932613984046875
V231,V293,0.8931953034195113
V18,V80,0.8930548480748229
V16,V92,0.8930126543633226
V33,V58,0.8929211902582793
V212,V231,0.8928976051594598
V186,V191,0.8928445988849835
V212,V329,0.8927978198344314
V101,V307,0.8927384934285983
V273,V316,0.8927271438419246
V204,V329,0.8925519448554268
V106,V333,0.892414835247402
V102,V232,0.8923758589390395
V60,V63,0.8922580414073874
V219,V322,0.8921880350865283
V164,V204,0.8921391914804129
V245,V255,0.892076128005987
V101,V231,0.8919904194860009
V18,V42,0.89198620390022
V295,V296,0.8916880166359338
V214,V277,0.8916468532185788
V31,V51,0.8916409684415966
V218,V275,0.8914729182291576
V330,V333,0.8914566418465534
V299,V323,0.8914041554673583
V296,V308,0.8913338869217735
V263,V331,0.8912888891813651
V69,V91,0.8911534389781378
V218,V234,0.8911376316782297
V103,V232,0.8911033230177211
V41,V65,0.8910857038156401
V49,V70,0.891001925980922
V21,V302,0.8909310294068542
V152,V160,0.890900929071943
V84,V92,0.8908747836698381
V85,has_identity,0.8908570096618892
V96,V233,0.8908154290060232
V217,V293,0.8907656096168816
V96,V219,0.8907352358520068
V133,V298,0.8906491358249544
V96,V296,0.8906100531364654
V153,V157,0.8906010120119889
V183,V235,0.8905400548511349
V161,V162,0.8904519246797347
V274,V275,0.8903072967318479
V61,V62,0.8902570824264098
V102,V219,0.8901871573475432
V95,V233,0.8900015971613321
V17,V59,0.8899911052166403
V132,V273,0.889981724579038
V233,V279,0.8898872252121129
V128,V330,0.8898396924557721
V32,V57,0.8897031157622736
V29,V49,0.8896675145710042
V101,V217,0.8896495180434272
V104,V181,0.8896425736861421
V105,V183,0.8894517225104277
V103,V330,0.8894312191396114
V32,has_identity,0.8894060442802794
V27,V68,0.8893359565624162
V134,V273,0.8892048798458704
V212,V298,0.8891621131502042
V211,V218,0.8888791123891284
V128,V294,0.8887853622122128
V103,V219,0.8886885040076802
V58,V92,0.8886180616734369
V295,V330,0.8885356088091266
V133,V273,0.8883801425182678
V288,V289,0.8883442027851116
V180,V204,0.8881283980460153
V79,V92,0.8881022633186678
V50,V79,0.8880838511088104
V204,V298,0.8879387947193123
V51,V71,0.8878577850504178
V213,V218,0.8878383909319622
V97,V106,0.8877521533437049
V179,V203,0.887740941834948
V11,V90,0.8877014884868412
V193,V207,0.8876170368338596
V49,V69,0.8876134557563417
V308,V330,0.8875571837723443
V182,V213,0.8873185815865632
V150,V152,0.8871835330230355
V181,V297,0.8869930915963448
V96,V217,0.8867706084392538
V30,V48,0.8867675556334725
V233,V293,0.8867198505479694
V193,V196,0.8866306455022559
V191,V207,0.8866108039005718
V264,V274,0.8861974042913141
V176,V228,0.8861605315796677
V71,V79,0.88607026479204
V190,V246,0.8860283168556857
V103,V296,0.8860076689039957
V58,V74,0.8859752528502527
V71,V73,0.8859047113900455
V101,V233,0.8858337792408554
V296,V318,0.8856599299317097
V143,V204,0.8851726043568294
V214,V319,0.8851489475564485
V29,V70,0.8850854755405212
V96,V232,0.8850392135853272
V71,V84,0.8850390307464395
V48,V70,0.8849425479715233
V11,V91,0.8848412943068845
V31,V63,0.8848286581094
V80,V302,0.8848079898925995
V63,V92,0.8845869781994012
V235,V328,0.8845107753380492
V34,V52,0.8843076781883025
V183,V298,0.8842984003938743
V97,V299,0.8842101226495938
V128,V296,0.8840267093843047
V298,V307,0.8839834962968911
V17,V302,0.8837029181018665
V22,V31,0.883495145109075
V155,V158,0.8834332724658926
V15,V72,0.8832393464143424
V22,V85,0.8832155321106886
V182,V299,0.8832106270301822
V233,V280,0.8832055273240205
V84,V302,0.8831591857236418
V10,V69,0.8830216991205754
V243,V258,0.8830102570783279
V309,V311,0.8829263558014773
V186,V199,0.8829098116855677
V30,V69,0.8828497497154478
V57,V93,0.8826867942375437
V276,V319,0.8826190480238915
V95,V232,0.8823444264303626
V105,V307,0.8822582377384518
V18,V59,0.882101385330397
V96,V231,0.882075938273977
V232,V279,0.8820366617684233
V267,V268,0.8819982013493387
V34,V57,0.881961085542679
V156,V157,0.8817820909925959
V42,V71,0.8817448517282845
V82,V83,0.8816315660107135
V229,V254,0.8814336751095238
V63,V302,0.8810010901907277
V263,V333,0.8809971794528066
V95,V219,0.8809491967054675
V42,V92,0.8809084491477207
V219,V279,0.880857188683545
V212,V296,0.8807679701607337
V93,has_identity,0.880756145175139
C13,C14,0.880721509320787
V33,V71,0.8806996961555736
V134,V330,0.8806073223836403
V299,V332,0.8804561056380746
V64,has_identity,0.8803464544908983
V219,V237,0.8802751509921628
V22,V32,0.8802161169055883
V59,V64,0.8801573625669209
V14,V41,0.8800844794373862
V134,V296,0.8799709893068433
V51,V58,0.8797419120493555
V318,V330,0.8796604496401497
V10,V29,0.8795851612047465
V59,V304,0.8795590840317953
V217,V280,0.8795500758337794
V204,V296,0.8795261131461356
V154,V157,0.8795244744160232
V237,V299,0.8795192777091471
V31,V58,0.8795039247151702
V237,V329,0.8793826940573897
V219,V280,0.8793517633010837
V168,V299,0.8791997315702182
V143,V165,0.8791885418307085
V229,V248,0.8790475237889057
V60,V81,0.8790262564816335
V211,V274,0.8789052923719243
V273,V318,0.8788737680466017
V302,V303,0.8788280636707856
V15,V52,0.8787729572240303
V178,V182,0.8786824035569507
V280,V299,0.8785769184022232
V232,V293,0.8785046715079768
V17,V50,0.878499125966648
V229,V230,0.8784264364451643
V33,V92,0.8782008597006165
V34,V50,0.8779537918734824
V101,V232,0.8778396000777833
V127,V296,0.8777917533306412
V17,V31,0.8777408227394018
V141,V142,0.8777330052511255
V42,V302,0.8776782961324482
V233,V295,0.8776780133534481
V183,V296,0.8775822183491836
V172,V207,0.8775382614457355
V203,V263,0.8773424833954533
V15,V74,0.8772842147924297
V182,V330,0.8769398897842742
V51,V79,0.8768960023270269
V183,V297,0.8766839937392804
V145,V152,0.8766821528050409
V179,V182,0.876528405548056
V40,V81,0.876484275311753
V232,V280,0.8764211470966812
V106,V323,0.8763809607295645
V126,V263,0.8763049178886548
V183,V328,0.8762965961221484
V134,V165,0.8762683646243781
V148,V158,0.8762402416152126
V80,has_identity,0.8761522072159695
V39,V42,0.8761428095122107
V165,V318,0.876133980273147
V231,V280,0.8761304173716932
V31,V33,0.8759466079836491
V103,V165,0.8758348004757328
V245,V256,0.8757758787579666
V296,V307,0.8757478071695318
V50,V51,0.8756479280079544
V106,V182,0.8756295916263038
V165,V295,0.8755521576133856
V104,V183,0.8755234453250373
V180,V212,0.8753844130515057
V104,V329,0.8752748747710755
V32,V94,0.8752012177047065
V21,V80,0.8751309631806311
V81,V85,0.8751305858788379
V207,V268,0.8751175798998916
V106,V280,0.8750982410973356
V18,V302,0.8747391320232243
V323,V330,0.8746995030923657
V31,V79,0.874466293560229
V51,V92,0.8743731442894738
V96,V330,0.874190347046913
V97,V165,0.8740786508058811
V165,V280,0.8739874743732541
V102,V296,0.8739390499168941
V179,V299,0.8739362081014244
V165,V324,0.8739209166223337
V243,V254,0.8739153922342251
V15,V93,0.8738910388376127
V231,V295,0.873776449236758
V18,V31,0.8736730392108145
V32,V84,0.873574456632869
V279,V294,0.8735310555894629
V32,V42,0.873487293010062
V17,V81,0.8734434445112618
V219,V293,0.8732920759511759
V182,V324,0.8729667275096052
V101,V219,0.8728515305735342
V217,V295,0.8728354271089295
V221,V245,0.872754485024567
V133,V233,0.8726906343694819
V22,V59,0.8725301379545437
V18,V50,0.8721767664116432
V134,V233,0.872133898656414
V212,V218,0.8719535793507137
V97,V182,0.8719213870101961
V102,V165,0.8719047341544931
V293,V294,0.8718639471544012
V106,V128,0.8717060709280758
V165,V294,0.8716798364721906
V96,V165,0.8716262383795419
V218,V237,0.8715842627100612
V10,V91,0.8715608353605288
V199,V257,0.8715182501651132
V165,V323,0.8714443724288089
V304,has_identity,0.8713539846350817
V104,V299,0.8713284674451148
V73,V79,0.8713037086318973
V164,V165,0.8713019373641256
V133,V165,0.8710312779995375
V11,V48,0.8709647748075853
V18,V32,0.8708828799939299
V165,V317,0.8707352247829605
V127,V203,0.8706696507906371
V52,V57,0.8705482531033344
V149,V157,0.8705236738284493
V218,V273,0.8704176969259216
V81,V302,0.8703403546021652
V237,V328,0.8702913655099139
V232,V295,0.870245773700044
V85,V93,0.8702152270034619
V131,V312,0.870205072371071
V182,V280,0.8701202712803844
V32,V51,0.8700758621740364
V21,V60,0.8698010788563241
V103,V106,0.8697847241303033
V203,V332,0.8695574810949834
V165,V179,0.8694922147398633
V117,V119,0.8691069657241067
V10,V49,0.8690532149120037
V133,V231,0.8689765051053678
V128,V299,0.8689575914150687
V105,V317,0.8689264952118679
V134,V231,0.8689037505642047
V37,V38,0.8688843734850817
V133,V217,0.868792874478849
V165,V333,0.8687115781695167
V129,V311,0.8686529063774999
V165,V308,0.8686497258653718
V263,V332,0.8685891953373276
V133,V203,0.8685248656260152
V128,V165,0.8684960425920306
V134,V217,0.8683477370001808
V273,V322,0.8683063002944557
V15,V42,0.8682338748936631
V165,V332,0.8681903927540263
V18,V81,0.8681281617361005
V159,V160,0.8680729743903691
V215,V216,0.8679101588744389
V103,V299,0.8678390579540288
V133,V296,0.8678243649791233
V168,V180,0.8677951984513282
V182,V333,0.867682229019298
V127,V165,0.8675985187761487
V203,V307,0.8674927559167526
V102,V203,0.8673915841803955
V328,V329,0.8673096729207022
V165,V307,0.8673032963536846
V21,V93,0.8672916911890732
V39,V81,0.867284971406536
V219,V295,0.8672652296212877
V298,V317,0.8672578548042436
V72,has_identity,0.8670971331360644
V59,V71,0.8670757688752064
V299,V308,0.8670743153861497
V60,V80,0.8669242806959959
V63,V80,0.866861633558563
V92,V94,0.8668563089255444
V106,V168,0.8668385282544862
V273,V324,0.866528197978233
V40,V60,0.8664311253744046
V96,V203,0.866396017854404
V31,V73,0.8663733514269069
V276,V277,0.8659808369606782
V182,V323,0.8659742106379235
V50,V74,0.8659528300378403
V59,V81,0.8659111496286689
V42,V80,0.8659103692359418
V81,V304,0.8658694295395026
V128,V182,0.8658345829385835
V278,V321,0.8658255595582854
V203,V323,0.8658032249148557
V11,V49,0.865760591768509
V22,V92,0.8657314780072899
V105,V237,0.865689864206335
V133,V232,0.8656256197889483
V132,V231,0.8654958583614676
V168,V330,0.865435013841479
V21,V72,0.8654232622379319
V96,V182,0.8650042950327675
V16,V72,0.8648911436268675
V165,V213,0.8647289589658628
V73,V92,0.8646595824653991
V106,V332,0.8646366844021073
V294,V316,0.8646155261521944
V202,V203,0.8645123812976099
V263,V308,0.8644810726940209
V134,V232,0.8643673298733107
V60,V84,0.8642716908201173
V17,V39,0.864159416068542
V203,V317,0.8641127582233189
V132,V217,0.8640886300107821
V103,V182,0.8640254783689382
V100,V287,0.8638556314902769
V309,V336,0.863765939745206
V22,V71,0.8637528345134393
V11,V69,0.8635149889893008
V330,V332,0.8634434490625024
V231,V316,0.8633863535699969
V17,V43,0.8633007811987785
V312,V334,0.863291528036211
V42,V60,0.8632819366950839
V182,V308,0.8632276703873082
V17,V64,0.8631759058323539
V32,V63,0.8630637263975321
V133,V219,0.8630212150407892
V105,V328,0.8629926655848935
V39,V60,0.8629391440708903
V224,V254,0.8629174369338333
V254,V267,0.8628796818282192
V72,V94,0.8628568514187936
V95,V273,0.8628484895163779
V17,V92,0.8628166606075321
V213,V299,0.8627843533949268
V182,V295,0.8627167666836234
V40,V80,0.8627089120592085
V172,V191,0.8626692187654535
V165,V178,0.8624665670378524
V203,V308,0.8624578962996292
V95,V294,0.862433596262324
V102,V273,0.8623799754508921
V103,V273,0.8622784674492776
V42,V57,0.8621854722814307
V154,V158,0.8619174857086361
V63,V72,0.8619055237372782
V134,V275,0.8618321583445724
V134,V219,0.8617933614213419
V278,V320,0.8616954119956705
V134,V203,0.8616426625304398
V217,V316,0.8616229237696043
V50,V64,0.8616009169863542
V11,V70,0.8615914237667908
V127,V330,0.8615542238469309
V128,V203,0.8615375440121367
V97,V273,0.8615227976262642
V203,V318,0.8614954570656701
V17,V60,0.8614726239627006
V50,V59,0.8612890879134095
V43,V50,0.8612822184255551
V133,V275,0.8612081941288315
V106,V308,0.8611997708707343
V134,V182,0.8610705967317215
V265,V275,0.8610346295905914
V168,V183,0.8608364989491921
V104,V237,0.8608234911399577
V273,V279,0.8608227858529643
V152,V159,0.8608045330353727
V106,V179,0.8607972726586937
V101,V294,0.8607788467527652
V17,V71,0.8607489601863125
V182,V318,0.8606980367340078
V183,V204,0.8605672745804662
V225,V253,0.8605488725433368
V17,V32,0.8604796770736515
V219,V236,0.8603583172943626
V203,V333,0.860355109813771
V295,V299,0.8603053708190337
V182,V332,0.8603040317395532
V106,V297,0.8602776417132112
C8,C14,0.8602460420141587
V307,V330,0.8602347021458939
V17,V85,0.8601668488694255
V129,V336,0.860074586013838
V11,V29,0.8600536115418764
V39,V302,0.8600426987918163
V81,V84,0.8600072093981664
V180,V329,0.8597751379764115
V165,V168,0.8597367400518672
V132,V233,0.8595154727152615
V101,V273,0.8594987813326219
V32,V58,0.8594349519872952
V16,V52,0.8594136272743479
V179,V330,0.8592017580079258
V60,has_identity,0.859156781771362
V132,V294,0.8590668997411326
V16,V74,0.8589556880935433
V106,V134,0.8588020012902157
V106,V295,0.8587384392717782
V32,V33,0.8587248866385153
V99,V285,0.8586058138486405
V296,V317,0.8585987976358889
V43,V59,0.8585865918461615
C6,C7,0.8585832833567166
V273,V293,0.8584921917091392
V105,V180,0.8584141871611481
V84,V93,0.8583878445225759
V181,V237,0.8582812794769764
C6,C12,0.8581817822193156
V103,V203,0.8581366708350617
V134,V299,0.8581084454944748
V127,V182,0.8578322414364781
V230,V258,0.857729009999039
V181,V330,0.8575868059973255
V31,V43,0.8575759660289443
V233,V316,0.8571577423102767
V233,V318,0.857112612293165
V203,V295,0.8570812978707673
V128,V263,0.8570101566981141
V22,V302,0.8568461871289459
V96,V299,0.8566625981881671
V203,V294,0.8565634242918734
V11,V30,0.8565543824034664
V18,V64,0.8564792678660923
V180,V298,0.8563245031286244
V18,V43,0.8562568351031636
V51,V72,0.8562255662936837
V18,V39,0.8561178024187464
V176,V199,0.8557744005156223
V16,V93,0.855739063313099
V97,V203,0.8557092588925611
V96,V106,0.8554887931186272
V102,V330,0.8554583405939726
V203,V280,0.8552930155883128
V18,V85,0.8552670664322242
V64,V72,0.8552284090427653
V219,V330,0.8552280829047151
V72,V84,0.8550903918754472
V203,V324,0.8550317268635002
V298,V328,0.8548950975164226
V136,V320,0.854772095931892
V294,V330,0.8547663791011231
V136,V338,0.8546387505132836
V18,V60,0.8545379438070715
V18,V92,0.8545303667399202
V218,V324,0.8544944300533396
V179,V274,0.8544921375224312
V236,V330,0.8544767990596069
V218,V323,0.8544748279282048
V216,V321,0.8542636773991529
V18,V71,0.8542036626306934
V273,V323,0.8540618081229889
V294,V306,0.8540430851513102
V261,V262,0.8540252036650361
V275,V318,0.8539572282103473
V34,V79,0.8539356959809065
V231,V318,0.853886890821396
V32,V79,0.8537365735559601
V299,V318,0.8536809646772553
V243,V253,0.853654923742501
V43,V60,0.8536305690818788
V10,V70,0.8535916144048968
V276,V321,0.8535002425681137
V40,V43,0.8533366227646688
V102,V182,0.8532923830517353
V42,V72,0.8532746872608047
V312,V335,0.8531569716801664
V60,V85,0.8531142156533557
V72,V73,0.8530719285806392
C10,C14,0.85300883732959
V243,V248,0.8529324774580351
V217,V318,0.8528890199529198
V182,V307,0.8527008741855482
V40,V59,0.8525374778161114
V180,V296,0.8525363163070375
V63,V93,0.8524876544421488
V64,V302,0.8524594752274253
V21,V57,0.8522800941325458
V34,V58,0.8522135194248017
V219,V274,0.8521625730215348
V224,V267,0.8520913898746886
V264,V265,0.8520467867139301
V178,V274,0.8519811991356901
V112,V113,0.85184194952408
V168,V274,0.8516366697426629
V80,V304,0.8516014180035759
V132,V232,0.8515108167567204
V84,V304,0.8508346176451728
V106,V318,0.8508268259079282
V33,V72,0.8507601195437937
V96,V273,0.8503723542795635
V31,V59,0.8502338048865515
V177,V274,0.850032246244759
V194,V195,0.8500142800783455
V247,V252,0.8499594026306612
V178,V299,0.8499591851382642
V42,V93,0.8497428478143948
V85,V302,0.8497410234585878
V133,V182,0.8495906386488473
V86,V87,0.8494421162677189
V57,V84,0.8494404961317793
V232,V318,0.8494300174821556
V296,V328,0.8494108582028038
V168,V237,0.8493306100392617
V105,V322,0.8492304288905707
V232,V316,0.8490551919729625
V275,V316,0.8490445451457245
V167,V274,0.8487611278550571
V180,V213,0.8487411126345634
V10,V30,0.8486157605653163
V322,V329,0.8485238617511428
V31,V52,0.8484827897017176
V126,V294,0.8483775505581451
V106,V213,0.8483644550558641
V95,V329,0.8482952129658914
V133,V330,0.848245452570397
V50,V85,0.8481881789235582
V131,V335,0.8480551311733315
V59,V92,0.8479622998598976
V15,V84,0.8479446356824866
V52,V71,0.8479415107776533
V153,V158,0.8478741268521239
V279,V329,0.8476121724493563
V132,V219,0.8474919753415046
V317,V330,0.8473382581914168
V225,V254,0.8471445141170715
V72,V85,0.8470081367485179
V42,V304,0.846967998982894
V167,V203,0.8468834235392922
V64,V71,0.8467654631356062
V71,V74,0.8467536856505697
V32,V34,0.8467432031746178
V16,V42,0.8467084630140856
V243,V249,0.8466747394400634
V106,V219,0.8464856203388212
V182,V235,0.8464737977714032
V132,V275,0.8464193750652613
V219,V318,0.8464093599664754
V213,V330,0.8463970065430302
V32,V73,0.846174085152677
V39,has_identity,0.8457266388580162
V59,V85,0.8455395778483191
V276,V320,0.8448712988142048
V182,V317,0.8447662181680409
V219,V316,0.8447266513636775
V60,V303,0.8446953032637012
V57,has_identity,0.8446767198696358
V39,V84,0.8446722654460181
V43,V302,0.8445707927254544
V85,V304,0.8445523937492843
V57,V63,0.8445486586791389
V176,V186,0.8445318023040934
V21,V39,0.8443888358253105
V14,V65,0.8443382224268112
V298,V322,0.8442635037561126
V222,V245,0.8441962852631111
V39,V63,0.8441515918957531
V15,V63,0.8440634468531943
V43,V92,0.8440216124242679
V180,V234,0.8436917592697698
V248,V267,0.8435720832916399
V31,V85,0.8432431182955442
V236,V329,0.8431475536875538
V247,V249,0.8430898371440505
V43,V71,0.8430489395186187
V96,V218,0.8429606707441476
V206,V312,0.842810819564606
V97,V218,0.8428020815754895
V127,V299,0.8427066634180339
V106,V236,0.8425920804957222
V203,V211,0.8424852681342486
V273,V280,0.8424448029602102
V182,V294,0.8423926842690638
V52,V58,0.8420686227048502
V81,has_identity,0.8420223067136675
V21,V94,0.8419625001616348
V22,V93,0.8419055146617015
V100,V329,0.841641668804777
V132,V329,0.8415295939891383
V50,V302,0.8415123563721908
V131,V334,0.8414445065210477
V21,V304,0.84139589731497
V31,V34,0.8412906557070206
V106,V127,0.8412707291490665
V85,V92,0.841216192650413
V130,V310,0.8411696386863359
V316,V329,0.8410449806562593
V33,V93,0.8410303278441672
V42,V94,0.8410237867005697
V33,V42,0.8409088063297325
V105,V331,0.8407063090562181
V51,V93,0.8406390152514871
V213,V265,0.8405066003910344
V60,V72,0.8404833718329056
V329,V331,0.840473586239747
V80,V85,0.8404298260474083
V204,V299,0.8404253267713141
V25,V26,0.8401052996870364
V21,V81,0.8400530646115829
V203,V264,0.8400494345498273
V101,V329,0.8399545394874438
V126,V329,0.8399449387002053
V314,V315,0.839911725421436
V224,V248,0.8397466066067699
V306,V329,0.8396939302818409
V34,V71,0.8396934459685287
V165,V212,0.8396097554462899
V293,V329,0.8395882640334612
V235,V236,0.8394844453111651
V273,V295,0.8393438253952773
V178,V180,0.8392557382533171
V22,V80,0.8391443212731621
V102,V299,0.8388274052610665
V186,V242,0.8387986551312053
V74,V79,0.8387089314404513
V31,V64,0.8385889639043625
V217,V237,0.8385256131843725
V64,V92,0.8382362833992404
V22,V60,0.8381219310679799
V127,V263,0.8380816286494961
V224,V229,0.8379258227792192
V64,V93,0.8378350945416504
V99,V100,0.8378099572323923
V296,V322,0.837804517522751
V63,V304,0.8377351645816549
V275,V324,0.8377324726098553
V278,V319,0.8376909100337595
V131,V206,0.8376210999600264
V183,V324,0.8376131326658762
V294,V298,0.8375789768102642
V34,V92,0.8375330943776167
V105,V167,0.8374139350379793
V144,V152,0.8374127333304305
V17,V72,0.8374063459437313
V180,V299,0.8372113707241969
V167,V329,0.8366629664542642
V100,V330,0.8364941152525214
V64,V304,0.8364575585617176
V52,V79,0.8364449936349526
V63,V94,0.8364064661625811
V106,V181,0.8363450028841454
V298,V331,0.8361770912843021
V102,V106,0.836138360962166
V15,has_identity,0.8361031577603891
V32,V43,0.8360574596798214
V94,has_identity,0.8358759206419486
V181,V299,0.8355037453307026
V42,V58,0.8354839411055168
V105,V164,0.8354449079046153
V218,V322,0.83536366265211
V51,V63,0.8353607560943584
V8,V9,0.8353415868139643
V22,V39,0.8352680028392719
V59,V72,0.8352320483883033
V225,V267,0.8348898589505488
V22,V72,0.8348168500562081
V104,V235,0.8346571265406563
V164,V329,0.8346534173991068
V17,V93,0.8346478413006616
V14,V88,0.8346474794813835
V177,V203,0.8346021007572614
V102,V218,0.8345644545471258
V15,V21,0.8345407253717004
V15,V43,0.8344303391102964
V204,V275,0.834266920184545
V39,V43,0.8342174756891378
V71,V85,0.8341998531139749
V17,V40,0.8341882931564737
V105,V294,0.8341325805518254
V97,V183,0.8339935175816553
V17,V304,0.8339880041574513
V232,V274,0.8337217295533663
V40,V302,0.8336245614156603
V50,V52,0.8335505226435663
V21,V51,0.8334730853835236
V106,V178,0.8334634100831255
V42,V81,0.8334211549903578
V63,V81,0.8334146896440399
V72,V74,0.8334023841345409
V95,V105,0.833376923259614
V232,V237,0.8333642158498412
V97,V275,0.8333527056305783
V229,V258,0.8333440971955541
V294,V296,0.8330523770324838
V39,V304,0.8330302041755107
V179,V180,0.8329493109610261
V52,V92,0.8329218096412635
V232,V330,0.8328881693625533
V168,V236,0.8328465060170981
V40,V42,0.8327896026632985
V276,V337,0.8327014662450287
V43,V304,0.8326992059740972
V217,V330,0.8326779918248538
V102,V275,0.8325640051859452
V205,V268,0.8322614613456584
V103,V275,0.8321742980105277
V103,V218,0.8321377227800033
V105,V211,0.831987402140373
V105,V236,0.8319031054081282
V42,V73,0.831881039805806
V233,V330,0.8318301897231708
V167,V298,0.8317410589673184
V60,V71,0.8316487873601278
V178,V330,0.8316091493437777
V105,V279,0.8316035639797164
V31,V74,0.8315938473439158
V80,V92,0.8315421623135966
V93,V94,0.8315255088114027
V92,V302,0.8313207384895848
V297,V324,0.8313195464911981
V18,V72,0.831227366461379
V203,V306,0.8311102685870702
V183,V280,0.8309524556796719
V265,V308,0.8309512859134567
V105,V202,0.8309255659152586
V164,V298,0.8308608033474721
V229,V249,0.8308096281025312
V285,V287,0.8307888703105153
V211,V329,0.8306444399736768
V180,V330,0.8303877969962575
V74,V92,0.8303653755531069
V105,V143,0.8302658635444423
V183,V213,0.8302515789317241
V71,V302,0.8301731031326931
V191,V247,0.8301329601280473
V191,V192,0.8301315596161499
V126,V203,0.8301083184400231
V203,V331,0.8299583860367262
V133,V299,0.8299547166331993
V105,V177,0.8299390252320401
V31,V302,0.8299188398370618
V51,has_identity,0.8298127124238296
V296,V331,0.8296951134320777
V202,V329,0.8296883302570733
V275,V322,0.8296703328071409
V40,V304,0.8296647051523639
V219,V329,0.8296152024206784
V244,V246,0.8293393278950456
V73,V93,0.829284274378679
V106,V180,0.829267786949055
V143,V329,0.8292669771308865
V186,V207,0.8292054864630136
V32,V59,0.8291097806863343
V177,V329,0.8290638403165583
V181,V182,0.828750822014165
V265,V274,0.8287069604366546
V180,V235,0.8284391099336207
V214,V321,0.8283584862231382
V95,V165,0.8282992472368153
V203,V316,0.8282575014491251
V18,V93,0.828246423874613
V165,V279,0.8282138891869393
V66,V67,0.8281642917518971
V165,V322,0.8281582401461969
V183,V333,0.8280754359844424
V32,V52,0.8280089358778394
V18,V304,0.8279377240328583
V132,V203,0.8278648575813526
V105,V165,0.8278090947283184
V43,V80,0.8277666063721574
V230,V243,0.8276911311484365
V179,V183,0.8274492787239245
V16,V84,0.8273157794877534
V236,V299,0.8270952330337186
V106,V204,0.8270467691980569
V18,V40,0.8269691790801869
V43,V57,0.826934079090228
V203,V279,0.8268392071357811
V172,V186,0.8267958079628788
V132,V165,0.8267485325790356
V165,V204,0.8267418641851929
V165,V316,0.8266623139592456
V242,V246,0.8266482641260108
V106,V133,0.8266112878716894
V227,V259,0.8266096128880042
V50,V80,0.8265798172093194
V211,V298,0.8265498379866045
V165,V329,0.8265455903053883
V275,V323,0.8265371480040407
V95,V203,0.8265297016095599
V327,V329,0.8264486706416048
V310,V335,0.8263784210532908
V43,V81,0.8263702062183317
V50,V60,0.8263062404003388
V183,V203,0.8261840579478087
V273,V274,0.8261437319253752
V101,V165,0.8260661381609243
V203,V322,0.8260478450073389
V218,V280,0.8259226241451341
V165,V293,0.825875805647502
V31,V80,0.825705623308361
V42,V51,0.8256505207449564
V233,V237,0.8256242944078824
V296,V327,0.8256041617576214
V235,V330,0.8255869820079167
V202,V298,0.8255449003319897
V180,V324,0.8255286551942542
V204,V330,0.8254298988869908
V143,V298,0.8253410064741584
V105,V327,0.8253122684545411
V21,V58,0.8250447351721424
V95,V275,0.825016131537177
V187,V207,0.8249928263918737
V23,V24,0.8249551870574762
V97,V180,0.8249220597228754
V128,V265,0.8248646436622566
V101,V203,0.8248295169748173
V22,V51,0.824819105271676
V203,V293,0.8247825157883755
V211,V263,0.8245856350373922
V212,V299,0.8244137978305438
V95,V218,0.8243905938360548
V164,V296,0.8243279316046637
V177,V298,0.8242957949082368
V17,V57,0.824265214055949
V228,V246,0.824228322576271
V57,V59,0.8241534041808655
V104,V105,0.8240610787685426
V187,V191,0.8239146000867391
V167,V296,0.8238826950188965
V128,V183,0.8238069458428959
V101,V105,0.8237832086261769
V16,V63,0.8237754971470062
V333,V338,0.8237535258010465
V218,V279,0.8237436324265248
V165,V167,0.8235514711038927
V96,V275,0.8235197391428914
V32,V85,0.8235155866998497
V180,V280,0.8233151400117035
V298,V327,0.823271078407206
V297,V333,0.8232698900130319
V165,V298,0.823191135941883
V165,V211,0.823129291389151
V105,V132,0.8230933402851055
V105,V219,0.8228599504536557
V275,V279,0.8228594172913333
V58,V84,0.8227695397457155
V105,V293,0.8226922888205948
V105,V126,0.8226478182035184
V106,V217,0.8225807142056566
V164,V203,0.8224036390818673
V165,V177,0.8222373533544686
V106,V233,0.8221997278757454
V183,V219,0.822179941743292
V299,V327,0.8218258502205453
V219,V234,0.8217760280232363
V263,V273,0.8217273913355194
V225,V229,0.8216721589242068
V212,V265,0.8215488010965899
V106,V327,0.8215101553169109
V255,V259,0.8212707528399312
V72,V302,0.821231042803507
V327,V330,0.8212006712566071
V64,V81,0.8209555677022258
V167,V237,0.8208573796499042
V105,V316,0.8208244184680936
V101,V275,0.8207909491965727
V311,V336,0.8207490862282697
V235,V297,0.8206930732078906
V180,V333,0.8206452106988092
V64,V80,0.8205317399087847
V175,V327,0.8204924964884112
V183,V212,0.8204257632232589
V103,V183,0.8203315984432552
V184,V185,0.8201955746263976
V183,V308,0.8200159668668457
V71,V80,0.8196999142796073
V275,V293,0.8196471421637913
V106,V232,0.8195448390054404
V105,V306,0.8195447303949296
V21,V79,0.819439877029782
V52,V72,0.8194152032227386
V237,V297,0.8193986600924492
V180,V323,0.8191621501556695
V128,V180,0.8191051545814964
V165,V306,0.81905824912353
V123,V125,0.8190226462183358
V16,V21,0.8190008660280845
V165,V331,0.8189477412167012
V143,V296,0.8188099363532648
V63,V79,0.8187993124274374
V211,V296,0.818706932127546
V126,V165,0.8186483219987982
V183,V295,0.8186466745010431
V96,V180,0.8186274206105023
V32,V64,0.8183722553310602
V43,V72,0.8181064203520712
D3,D7,0.8180798638808071
V93,V302,0.8180198510214376
V297,V298,0.8179079835969537
V58,has_identity,0.8179004522544081
V33,V84,0.8176956005533154
V202,V296,0.8176918838724417
V108,V110,0.8176455169889166
V186,V244,0.8176151034069645
V273,V333,0.8175456281077546
V320,V338,0.8174195614045819
V181,V329,0.8173229573643942
V103,V180,0.8173114211780391
V290,V292,0.8173002410872228
V127,V265,0.8172256653444999
V180,V308,0.8170143412154429
V182,V297,0.8169874627193489
V42,V79,0.8169529304836055
V18,V57,0.8168226819039541
V31,V60,0.8167986465184964
V15,V59,0.8167913940266625
V58,V85,0.8164884955043284
V177,V296,0.8164733590950946
V43,V93,0.8164550286638967
V165,V296,0.8163592908959583
V204,V264,0.8163502977611078
V265,V333,0.8162734043703309
V180,V295,0.8161185805437666
V16,has_identity,0.8156068666402256
V101,V218,0.8155147214466288
V218,V293,0.8154609212112994
V60,V92,0.815459288374507
V299,V307,0.8152990198864545
V59,V93,0.8152920884345322
V186,V193,0.8152878533482723
V279,V298,0.8152416456854082
V165,V202,0.8152257719288475
V275,V280,0.8150158474616229
V266,V335,0.8148540486713607
V58,V63,0.8146551986279282
V143,V203,0.8145734427999994
V269,V335,0.8145643048041303
V134,V180,0.814556333897367
V180,V318,0.8145225136519807
V273,V332,0.8142434402938266
V218,V330,0.814227098201882
V99,V329,0.8141362255284057
V182,V234,0.8140854537675387
V180,V332,0.8137274662445927
V79,has_identity,0.8136427794665905
V16,V43,0.8135737804977549
V33,V63,0.8135323534525988
V224,V261,0.813529794711555
V95,V298,0.8132056607274203
V50,V304,0.813171735143867
V105,V203,0.8129784661300491
V170,V200,0.8129388135366741
V265,V306,0.8129228185307851
V22,V57,0.8127983487745187
V237,V323,0.812653105711531
V134,V183,0.8125985657857375
V181,V236,0.812540546921238
V32,V74,0.8125240610174825
V225,V248,0.8124210495303622
V219,V299,0.8124171537073013
V183,V323,0.8121466502656652
V287,V329,0.8121454738965035
V183,V218,0.8121328305812211
V183,V318,0.8116398536525307
V127,V180,0.8116336676312812
V218,V295,0.8116293718563121
V203,V329,0.8116131272931043
V39,V50,0.8115708840464774
V58,V64,0.8115408838337862
V22,V304,0.8114845126200001
V34,V72,0.8113725692406614
V206,V336,0.811031569878612
V216,V320,0.8110182936169382
V128,V273,0.8107022019417232
V51,V84,0.8105470065812249
V63,V73,0.8104856090508458
V276,V339,0.8102217046417115
V275,V295,0.8101822929117017
V21,V73,0.8100652392292137
V232,V236,0.810001525018443
V17,V94,0.8099615954237643
V43,V94,0.8097071202166339
V237,V324,0.8095432686944797
V22,V81,0.809488629025243
V178,V183,0.8091643866856296
V96,V183,0.809018368527564
V32,V302,0.808957511135056
V203,V298,0.8087866197625446
V39,V64,0.8086652638613385
V15,V17,0.8085838164952988
V81,V93,0.8085554325997394
V60,V93,0.8085312793845552
C6,C13,0.8085308088162273
V308,V338,0.8084963923818811
V232,V329,0.8082900215380867
V265,V332,0.8082876247960581
V202,V273,0.8082620505698824
V33,V43,0.8082544222598527
V213,V263,0.8082524832574676
V211,V265,0.8081927421194212
V133,V218,0.8080438393367897
V278,V339,0.8078338737418297
V237,V298,0.8077577358071028
V231,V330,0.8077453050483616
V206,V268,0.807668839826792
V59,V94,0.8074267392045413
V106,V212,0.8072948898850778
V102,V180,0.8072263030578533
V59,V303,0.8072072386194233
V180,V307,0.8070403402122225
V229,V267,0.8069837447966538
V104,V324,0.8069112011179778
V105,V297,0.8066222327673982
V265,V331,0.8065902696776448
V73,V84,0.8064839035106172
V31,V39,0.8064795308699989
V199,V246,0.8064684993231649
V233,V329,0.806271289167595
V234,V274,0.806211244229006
V297,V323,0.8061318610106021
V58,V60,0.8060048081235377
V256,V259,0.805977793766295
V236,V328,0.805944291959422
V40,has_identity,0.8058657730667983
V178,V237,0.8058353181241539
V79,V85,0.8057012499883032
V134,V218,0.8056941132933425
V106,V218,0.8056192769666566
V84,V94,0.8056099121380714
V33,has_identity,0.8055364859134966
V293,V298,0.8054661282946429
V217,V329,0.8053757550118774
V179,V237,0.805069359910274
V212,V330,0.8050410422134858
V233,V274,0.8050167055675382
V106,V307,0.8049532410324246
V51,V59,0.8049126184278614
V128,V338,0.8049024153643426
V203,V275,0.8046853092245833
V40,V84,0.8046776425218654
V32,V80,0.8046592213200722
V298,V306,0.8042685019142759
V40,V63,0.8042588895397377
V182,V219,0.8041732910611755
V236,V274,0.8040235780022141
V101,V298,0.8039793060826818
V298,V316,0.8037734153261252
V133,V180,0.8037477563052006
V287,V330,0.8037322114587657
V296,V326,0.8036973092183446
V183,V332,0.8036779143878848
V21,V40,0.8036325699952357
V73,has_identity,0.8035937684774003
V43,V58,0.8035924457643004
V42,V74,0.8035739296095235
V132,V298,0.8035477479207573
V204,V273,0.8034703804102994
V17,V58,0.8034120181708572
V21,V33,0.8033229322744311
V92,V304,0.8033185774422871
V34,V42,0.8030670370167459
V182,V218,0.8028918476267033
V187,V196,0.8027817278066744
V93,V304,0.8027459330001852
V126,V298,0.8027164996059342
V34,V93,0.8021227220439092
V104,V236,0.8020753706695765
V217,V274,0.8018759685678172
V51,V64,0.8017987955869448
V15,V18,0.8017461438168274
V189,V201,0.8017073904360604
V195,V197,0.8016582782920275
V52,V93,0.8016522089755849
V130,V335,0.8016439622015807
V167,V236,0.801402660132367
V229,V261,0.8013365466813306
V81,V92,0.8012756921986166
V296,V297,0.8012350661261135
V203,V296,0.8011876470349805
V203,V234,0.8009582282280676
V80,V93,0.8007930320485057
V64,V79,0.8007837177993442
V114,V116,0.800590990213749
V17,V51,0.8005252926970933
V266,V310,0.8004284523252602
V332,V338,0.8003097083100957
V299,V322,0.8001305004680251
