feature,feature_type,mean_class_0,mean_class_1,median_class_0,median_class_1,signed_mean_difference,point_biserial_correlation,signed_auc,association_strength,n_levels,most_frequent_level,most_frequent_level_frequency,max_target_rate,min_target_rate,target_rate_range
card1,categorical,,,,,,,0.6854734675681868,0.6854734675681868,13553.0,7919,0.02528533206895384,1.0,0.0,1.0
card2,categorical,,,,,,,0.49450877755808076,0.49450877755808076,501.0,321.0,0.08286483557422021,0.4067796610169492,0.0,0.4067796610169492
D5,numeric,43.491155181807066,13.687775735294117,10.0,0.0,-29.80337944651295,-0.06463762954147699,-0.4907885774543196,0.4907885774543196,,,,,,
V258,numeric,1.1691145893976946,3.4009026687598114,1.0,2.0,2.2317880793621168,0.2971514979896374,0.490577439223562,0.490577439223562,,,,,,
V218,numeric,1.533017847934929,3.9999018838304554,0.0,2.0,2.4668840358955264,0.04756506862669443,0.4754926530395511,0.4754926530395511,,,,,,
V219,numeric,1.2056837272742393,3.2717817896389323,0.0,1.0,2.066098062364693,0.04604195893282515,0.4687897440745661,0.4687897440745661,,,,,,
V264,numeric,195.43273711053186,275.0943469533688,0.0,78.92449951171875,79.66160984283695,0.009357727899834375,0.46149003341828343,0.46149003341828343,,,,,,
V257,numeric,1.1060147374374159,2.961342229199372,1.0,2.0,1.8553274917619562,0.38305975102060325,0.455822884168273,0.455822884168273,,,,,,
V265,numeric,146.87171247519225,231.95862842551205,0.0,62.35340118408203,85.08691595031979,0.014224070688920504,0.45317568318126145,0.45317568318126145,,,,,,
V217,numeric,0.9273524177048853,2.556024332810047,0.0,1.0,1.6286719151051616,0.045785221219540095,0.432529922077884,0.432529922077884,,,,,,
V232,numeric,0.8393103677705883,2.9673273155416013,0.0,1.0,2.128016947771013,0.05460188594943613,0.4251984479865849,0.4251984479865849,,,,,,
V229,numeric,1.4662752208120562,3.6729788069073783,1.0,2.0,2.206703586095322,0.1372254596494378,0.42454436603013646,0.42454436603013646,,,,,,
V274,numeric,101.46479819908281,174.24092608105735,0.0,20.558700561523438,72.77612788197455,0.015517783327583174,0.4212757669880953,0.4212757669880953,,,,,,
V263,numeric,111.83748970467984,182.9032411517011,0.0,44.976200103759766,71.06575144702127,0.014730419798002799,0.418554075951874,0.418554075951874,,,,,,
V246,numeric,1.07259768126549,2.494701726844584,1.0,1.0,1.422104045579094,0.3668776990983732,0.41414040528148743,0.41414040528148743,,,,,,
V233,numeric,0.7717859578502636,2.5199175824175826,0.0,1.0,1.748131624567319,0.046226158465002894,0.4082922685091628,0.4082922685091628,,,,,,
D2,numeric,171.95622331245258,77.77420584498094,100.0,16.0,-94.18201746747164,-0.0835832197082709,-0.40790205071680996,0.40790205071680996,,,,,,
V230,numeric,1.3222525324772534,3.1551216640502355,1.0,2.0,1.8328691315729821,0.23173981248706288,0.4065446634909313,0.4065446634909313,,,,,,
V52,numeric,0.16280675374197798,0.7383812727397543,0.0,1.0,0.5755745189977763,0.23946916785412115,0.40506989939852645,0.40506989939852645,,,,,,
V275,numeric,83.55226258710792,151.98803563087336,0.0,10.0,68.43577304376544,0.017120068865326393,0.4039990818315,0.4039990818315,,,,,,
D3,numeric,28.845357388780762,11.744879925148144,8.0,1.0,-17.10047746363262,-0.04627138134885128,-0.4022573148715085,0.4022573148715085,,,,,,
V51,numeric,0.15352428968757065,0.6470790142102011,0.0,1.0,0.49355472452263044,0.2231911021665836,0.39641564018660147,0.39641564018660147,,,,,,
V201,numeric,1.0226642537029413,2.7459801264679315,1.0,1.0,1.7233158727649902,0.32800503459815467,0.39317730346006385,0.39317730346006385,,,,,,
V243,numeric,1.0927576972338195,2.188579277864992,1.0,1.0,1.0958215806311726,0.2102381847595796,0.38925665774001406,0.38925665774001406,,,,,,
V199,numeric,1.1575836755008087,2.5890026270495516,1.0,1.0,1.431418951548743,0.23102431150770475,0.38714716728251686,0.38714716728251686,,,,,,
V231,numeric,0.6587933931036777,2.0244309262166404,0.0,0.0,1.3656375331129627,0.04128936214795372,0.38223752939715094,0.38223752939715094,,,,,,
id_19,categorical,,,,,,,0.3809386529742993,0.3809386529742993,523.0,__missing__,0.7640837199850984,1.0,0.0,1.0
V273,numeric,69.5574754196479,124.17725944875782,0.0,0.0,54.61978402910992,0.015675660056657333,0.37807618810734955,0.37807618810734955,,,,,,
addr1,categorical,,,,,,,0.3774449681549077,0.3774449681549077,333.0,__missing__,0.1112642666034477,0.6666666666666666,0.0,0.6666666666666666
C4,numeric,3.6938778017010687,15.077336301601898,0.0,1.0,11.38345849990083,0.030382136305078355,0.37539097255378095,0.37539097255378095,,,,,,
V40,numeric,0.1568166406226966,0.745108807578774,0.0,1.0,0.5882921669560773,0.21244182978301707,0.3743202265274699,0.3743202265274699,,,,,,
id_20,categorical,,,,,,,0.37346982748777857,0.37346982748777857,395.0,__missing__,0.7641802418125783,1.0,0.0,1.0
D8,numeric,157.34372693771584,49.30919122987587,50.58333206176758,2.666666030883789,-108.03453570783998,-0.14263641015850023,-0.3711543937679137,0.3711543937679137,,,,,,
V168,numeric,6.1131330098295384,2.904973276564906,0.0,1.0,-3.2081597332646323,-0.01602111458849875,0.37004943085665154,0.37004943085665154,,,,,,
V39,numeric,0.1487110691786813,0.6512665614059174,0.0,0.0,0.5025554922272362,0.20309652907842968,0.3693510053529865,0.3693510053529865,,,,,,
R_emaildomain,categorical,,,,,,,0.3693287205489244,0.3693287205489244,61.0,__missing__,0.7675161716395164,0.9512195121951219,0.0,0.9512195121951219
V200,numeric,1.0027728370705793,2.4831074977416443,1.0,1.0,1.480334660671065,0.31878251405844465,0.3684711040774047,0.3684711040774047,,,,,,
V50,numeric,0.1520132480270464,0.5204915219331365,0.0,1.0,0.3684782739060901,0.17995328566603047,0.36827446884559834,0.36827446884559834,,,,,,
C8,numeric,4.5608806812698175,21.242607559405702,0.0,1.0,16.681726878135883,0.03213871315829292,0.3663664088263525,0.3663664088263525,,,,,,
V94,numeric,0.12509768262785342,0.48947336303167144,0.0,0.0,0.364375680403818,0.18840709497742583,0.3643798910282814,0.3643798910282814,,,,,,
V43,numeric,0.1526864600839304,0.6231207523855289,0.0,0.0,0.4704342923015985,0.19827388575876895,0.3630293867080494,0.3630293867080494,,,,,,
V204,numeric,723.72864350254,258.6076166064387,0.0,38.01160049438477,-465.1210268961013,-0.02074795618780829,0.36144354928998723,0.36144354928998723,,,,,,
V228,numeric,1.2415792012508524,2.653748037676609,1.0,1.0,1.4121688364257567,0.26886098278184145,0.36061476093738,0.36061476093738,,,,,,
V203,numeric,1131.5300686139685,458.5775782224363,0.0,47.58539962768555,-672.9524903915323,-0.019941921586457353,0.3590438775762199,0.3590438775762199,,,,,,
V244,numeric,1.0444784510720404,1.9925431711145998,1.0,1.0,0.9480647200425594,0.3641291589611918,0.3585020098351248,0.3585020098351248,,,,,,
ProductCD,categorical,,,,,,,0.35847130572305175,0.35847130572305175,5.0,W,0.7445219629491652,0.11687269224594637,0.020399390451929858,0.09647330179401652
id_31,categorical,,,,,,,0.35839834375981683,0.35839834375981683,131.0,__missing__,0.7624513157449114,1.0,0.0,1.0
V42,numeric,0.1423966349225069,0.5395071051005698,0.0,0.0,0.3971104701780629,0.18942828273161574,0.3580843259608353,0.3580843259608353,,,,,,
C10,numeric,4.723526304799106,19.493926341770315,0.0,1.0,14.77040003697121,0.028395987456790863,0.35584390810668487,0.35584390810668487,,,,,,
V171,numeric,1.5357012481650343,3.496025293586269,1.0,2.0,1.9603240454212347,0.21650849435378564,0.3550600892924556,0.3550600892924556,,,,,,
V140,numeric,1.0628520339740724,2.464109589041096,1.0,2.0,1.4012575550670237,0.19693821962354172,0.35380364217872873,0.35380364217872873,,,,,,
V34,numeric,0.1273179543130175,0.4902837386742966,0.0,0.0,0.3629657843612791,0.18030059415433486,0.35277128999650764,0.35277128999650764,,,,,,
V79,numeric,0.1233100132167946,0.5381094770244707,0.0,0.0,0.41479946380767607,0.19414094448022942,0.35031735643550976,0.35031735643550976,,,,,,
V242,numeric,1.0441624112177514,1.9310243328100472,1.0,1.0,0.8868619215922957,0.3605904902659587,0.34938605331633865,0.34938605331633865,,,,,,
id_17,categorical,,,,,,,0.34876165702069706,0.34876165702069706,105.0,__missing__,0.7639973583499847,1.0,0.0,1.0
V190,numeric,1.1241056986437725,2.2495697074010326,1.0,1.0,1.12546400875726,0.2051483549916032,0.34820167447202666,0.34820167447202666,,,,,,
id_35,boolean,,,,,,,0.34792038185880125,0.34792038185880125,3.0,__missing__,0.7612608798726589,0.12260372639344003,0.02100076742556528,0.10160295896787475
V33,numeric,0.11920850487551513,0.47138769670958514,0.0,0.0,0.35217919183407,0.18348618906163186,0.3455581025296901,0.3455581025296901,,,,,,
V167,numeric,4.088442515864128,2.07817737113869,0.0,1.0,-2.010265144725438,-0.012853528116773245,0.34534379381987534,0.34534379381987534,,,,,,
V93,numeric,0.14142794991226604,0.5509245133337402,0.0,0.0,0.4094965634214741,0.18098315664200426,0.3443434406221648,0.3443434406221648,,,,,,
V178,numeric,6.9859011447057355,2.7280550774526677,0.0,0.0,-4.257846067253068,-0.016543436917623364,0.3437564842017302,0.3437564842017302,,,,,,
V158,numeric,0.7893735232134874,1.7791780821917809,1.0,1.0,0.9898045589782934,0.27806624478809905,0.3431709052608374,0.3431709052608374,,,,,,
V170,numeric,1.3085150175923697,2.928545618789521,1.0,2.0,1.6200306011971515,0.24979447724564643,0.3422420098887393,0.3422420098887393,,,,,,
V92,numeric,0.13785673489501823,0.5192530664551168,0.0,0.0,0.38139633156009856,0.1805131329368086,0.3420447612751285,0.3420447612751285,,,,,,
V74,numeric,0.13896921313519275,0.5578184969666956,0.0,0.0,0.4188492838315029,0.18591509316376267,0.3416056469670916,0.3416056469670916,,,,,,
V212,numeric,812.4141723588897,225.1793190782615,0.0,0.0,-587.2348532806282,-0.02113814144966909,0.3412696820618897,0.3412696820618897,,,,,,
M4,categorical,,,,,,,0.3404447288152206,0.3404447288152206,4.0,__missing__,0.47658753005723575,0.11373924663826944,0.018572078282002816,0.09516716835626662
id_15,categorical,,,,,,,0.33866866804166373,0.33866866804166373,4.0,__missing__,0.7612608798726589,0.10509685802031656,0.02100076742556528,0.08409609059475127
id_29,categorical,,,,,,,0.33753204925510993,0.33753204925510993,3.0,__missing__,0.7612727334304196,0.10446307022929291,0.021009337977854,0.08345373225143891
id_28,categorical,,,,,,,0.33635970037639384,0.33635970037639384,3.0,__missing__,0.7612727334304196,0.10275212509182495,0.021009337977854,0.08174278711397095
V179,numeric,5.104283314669653,2.1283630763656127,0.0,0.0,-2.97592023830404,-0.015904220881860758,0.3360165050968016,0.3360165050968016,,,,,,
V202,numeric,468.8867635036436,155.95823199479938,0.0,21.38870048522949,-312.92853150884423,-0.018027509528309896,0.3348165709677531,0.3348165709677531,,,,,,
V187,numeric,1.7735862262038073,2.6611106078449134,1.0,1.0,0.887524381641106,0.02422824534339345,0.3342143556192567,0.3342143556192567,,,,,,
V81,numeric,0.13753301621273883,0.6014523707817172,0.0,0.0,0.46391935456897837,0.18237723430444894,0.3338183223046838,0.3338183223046838,,,,,,
V213,numeric,569.3299099720376,151.5739460753832,0.0,0.0,-417.7559638966544,-0.020601304839598256,0.332786084177916,0.332786084177916,,,,,,
id_38,boolean,,,,,,,0.33149660855567564,0.33149660855567564,3.0,__missing__,0.7612608798726589,0.09779226752522929,0.02100076742556528,0.07679150009966401
V80,numeric,0.1303679052514593,0.5460425947397327,0.0,0.0,0.4156746894882734,0.18029947217066564,0.33082418190111174,0.33082418190111174,,,,,,
DeviceType,categorical,,,,,,,0.32981668481636195,0.32981668481636195,3.0,__missing__,0.7615572188166763,0.10166232365890916,0.021017054677250794,0.08064526898165837
M6,boolean,,,,,,,0.32801120271289586,0.32801120271289586,3.0,F,0.38584346530294306,0.0706837505904582,0.01704392625850903,0.053639824331949165
V85,numeric,0.13677011231182562,0.5350582779032159,0.0,0.0,0.3982881655913903,0.1688398694125063,0.3270248753283753,0.3270248753283753,,,,,,
V15,numeric,0.11148081841946107,0.4445636623748212,0.0,0.0,0.33308284395536014,0.17796304981317498,0.32694773436069213,0.32694773436069213,,,,,,
V16,numeric,0.11248746712317483,0.44897472579876013,0.0,0.0,0.3364872586755853,0.17431823036773492,0.3269308066415131,0.3269308066415131,,,,,,
C12,numeric,3.549702830610816,18.597541499298263,0.0,0.0,15.047838668687447,0.031905281711225794,0.3269208652807021,0.3269208652807021,,,,,,
id_13,categorical,,,,,,,0.32639871711815527,0.32639871711815527,55.0,__missing__,0.7844007179869272,1.0,0.0,1.0
V73,numeric,0.12847835267147942,0.4941191036275845,0.0,0.0,0.36564075095610504,0.17387006465051796,0.32536600398425897,0.32536600398425897,,,,,,
V303,numeric,0.2683819206937759,0.6901892454382653,0.0,1.0,0.4218073247444894,0.12428666375043991,0.3251070908238225,0.3251070908238225,,,,,,
V84,numeric,0.12589563887015995,0.47006773662049184,0.0,0.0,0.34417209775033186,0.16911015898483817,0.32426794190849106,0.32426794190849106,,,,,,
V32,numeric,0.1315856625898399,0.46375774916547446,0.0,0.0,0.3321720865756346,0.1601971312110694,0.32129557031615685,0.32129557031615685,,,,,,
V31,numeric,0.13010281479874058,0.456962327134001,0.0,0.0,0.3268595123352604,0.16316648223856742,0.32120686693094336,0.32120686693094336,,,,,,
V304,numeric,0.25098136933705584,0.6290111804849717,0.0,1.0,0.3780298111479159,0.1314979182762188,0.32075381344577214,0.32075381344577214,,,,,,
V18,numeric,0.122903568680165,0.5050071530758226,0.0,0.0,0.38210358439565756,0.18254989816550785,0.32057484752618115,0.32057484752618115,,,,,,
id_37,boolean,,,,,,,0.3203057693434377,0.3203057693434377,3.0,__missing__,0.7612608798726589,0.08331220801796256,0.02100076742556528,0.06231144059239728
V17,numeric,0.12181654882246214,0.4966618979494516,0.0,0.0,0.37484534912698947,0.1826726226615447,0.3202450595438193,0.3202450595438193,,,,,,
id_12,categorical,,,,,,,0.31934845382104804,0.31934845382104804,3.0,__missing__,0.7557608290716971,0.08168258484047958,0.020938501972857248,0.060744082867622326
id_36,boolean,,,,,,,0.31906530302080993,0.31906530302080993,3.0,__missing__,0.7612608798726589,0.08188504169588114,0.02100076742556528,0.060884274270315855
V139,numeric,1.031406858675522,1.9857534246575343,1.0,1.0,0.9543465659820123,0.14759400119744814,0.3172672514471524,0.3172672514471524,,,,,,
V302,numeric,0.23956642514832407,0.5881128696578094,0.0,1.0,0.34854644450948535,0.13290347239519218,0.31599821535140293,0.31599821535140293,,,,,,
V48,numeric,0.39430570706921797,0.07214937873275211,0.0,0.0,-0.32215632833646585,-0.11578587857757675,-0.315880092528275,0.315880092528275,,,,,,
V49,numeric,0.40911145836404555,0.07956339671861055,0.0,0.0,-0.329548061645435,-0.1109200910845353,-0.31498700106842104,0.31498700106842104,,,,,,
V91,numeric,0.43135205128363735,0.09812656373954964,0.0,0.0,-0.3332254875440877,-0.10545301705361161,-0.31472333061137925,0.31472333061137925,,,,,,
V22,numeric,0.12181253026476267,0.4431926561754888,0.0,0.0,0.3213801259107261,0.15881448337431514,0.31470931545855874,0.31470931545855874,,,,,,
V21,numeric,0.11935116367384582,0.4362184072484502,0.0,0.0,0.3168672435746044,0.16598476139524873,0.3146633498512823,0.3146633498512823,,,,,,
has_identity,boolean,,,,,,,0.314507801298183,0.314507801298183,2.0,0,0.7557608290716971,0.07847025299342036,0.020938501972857248,0.05753175102056311
V90,numeric,0.4123145061022003,0.09251235735644107,0.0,0.0,-0.3198021487457592,-0.11016802850924903,-0.3142041686930407,0.3142041686930407,,,,,,
V156,numeric,0.7389233028929051,1.6046575342465754,1.0,1.0,0.8657342313536703,0.27595208951457345,0.31276914584548954,0.31276914584548954,,,,,,
V177,numeric,3.6952532039318156,1.595434369055168,0.0,0.0,-2.0998188348766478,-0.01371549992593285,0.31193332888340053,0.31193332888340053,,,,,,
V58,numeric,0.12082084900158861,0.490528661631794,0.0,0.0,0.36970781263020536,0.17306531089992758,0.3106841472759576,0.3106841472759576,,,,,,
V189,numeric,0.9666871198999604,1.871364046973803,1.0,1.0,0.9046769270738427,0.30821946036912445,0.30874367198494945,0.30874367198494945,,,,,,
V211,numeric,409.851898041099,97.23656058749629,0.0,0.0,-312.6153374536027,-0.018572492815892714,0.3081685616977814,0.3081685616977814,,,,,,
V57,numeric,0.11768585734681976,0.4554289959143246,0.0,0.0,0.3377431385675049,0.16888690850682528,0.30707088181220654,0.30707088181220654,,,,,,
V149,numeric,0.7382463758860719,1.5704109589041095,1.0,1.0,0.8321645830180376,0.2732821052990539,0.30664254877277464,0.30664254877277464,,,,,,
V157,numeric,0.782987419375439,1.5594520547945205,1.0,1.0,0.7764646354190815,0.23486636956002324,0.30439823393610577,0.30439823393610577,,,,,,
V29,numeric,0.39795174114058723,0.08786361468764903,0.0,0.0,-0.3100881264529382,-0.10785177266358228,-0.30410922499425186,0.30410922499425186,,,,,,
V30,numeric,0.41692737059741886,0.09519551740581783,0.0,0.0,-0.321731853191601,-0.10308792418959038,-0.3039102520120798,0.3039102520120798,,,,,,
V70,numeric,0.41800760119849584,0.09749907143741489,0.0,0.0,-0.32050852976108096,-0.10089993699583437,-0.3035160427135478,0.3035160427135478,,,,,,
id_16,categorical,,,,,,,0.30310342362976317,0.30310342362976317,3.0,__missing__,0.7809801198902699,0.1072311682045715,0.02279054640069384,0.08444062180387765
V69,numeric,0.3998773351565485,0.09229912096075275,0.0,0.0,-0.30757821419579573,-0.10452063087877919,-0.3018083321743754,0.3018083321743754,,,,,,
V72,numeric,0.13383337690281324,0.49269530766373654,0.0,0.0,0.3588619307609233,0.16095093557360626,0.3014122994569155,0.3014122994569155,,,,,,
V60,numeric,0.1311588811357558,0.492819116008419,0.0,0.0,0.3616602348726632,0.15095177763742293,0.29807955590764124,0.29807955590764124,,,,,,
V71,numeric,0.13034044521305477,0.45765754611860837,0.0,0.0,0.3273171009055536,0.15684043831029468,0.2975753287535541,0.2975753287535541,,,,,,
V176,numeric,1.2888904441955953,2.403116224295679,1.0,1.0,1.1142257801000839,0.16434304217518045,0.29745630327837747,0.29745630327837747,,,,,,
D7,numeric,46.943007214658735,11.292227979274612,0.0,0.0,-35.65077923538412,-0.12719850708196526,-0.29563371361994994,0.29563371361994994,,,,,,
card5,categorical,,,,,,,0.29518871162836624,0.29518871162836624,120.0,226.0,0.502160734243235,1.0,0.0,1.0
C7,numeric,2.5174835973376712,11.977157237574408,0.0,0.0,9.459673640236737,0.028160291640635843,0.2948774400095415,0.2948774400095415,,,,,,
V147,numeric,0.12924196947442365,1.0128767123287672,0.0,0.0,0.8836347428543435,0.24289437453977203,0.29461138108680984,0.29461138108680984,,,,,,
V64,numeric,0.13081702829334996,0.48068589822954066,0.0,0.0,0.3498688699361907,0.150370730267856,0.293593432900066,0.293593432900066,,,,,,
V59,numeric,0.12410665808683062,0.4523337872972638,0.0,0.0,0.3282271292104332,0.15106152341152773,0.29347752798376936,0.29347752798376936,,,,,,
V283,numeric,0.9576561494335747,1.9139545035650192,1.0,1.0,0.9562983541314445,0.11273124389389887,0.29271954198766115,0.29271954198766115,,,,,,
DeviceInfo,categorical,,,,,,,0.29250658689219144,0.29250658689219144,1787.0,__missing__,0.7990551021099332,1.0,0.0,1.0
addr2,categorical,,,,,,,0.2896388064791604,0.2896388064791604,75.0,87.0,0.8813645138347953,1.0,0.0,1.0
V63,numeric,0.12092340485431036,0.43301968552680453,0.0,0.0,0.3120962806724942,0.1533527166867011,0.28938738453939483,0.28938738453939483,,,,,,
C5,numeric,5.722536617550805,1.4067173208149832,0.0,0.0,-4.315819296735822,-0.030753966713252937,-0.28483523517390785,0.28483523517390785,,,,,,
V186,numeric,1.0954180664427025,1.7706313977715373,1.0,1.0,0.6752133313288349,0.14890807293138927,0.28421636290747565,0.28421636290747565,,,,,,
card3,categorical,,,,,,,0.2838183680542228,0.2838183680542228,115.0,150.0,0.8827293663426694,1.0,0.0,1.0
V188,numeric,0.9550054757706856,1.7096657633243,1.0,1.0,0.7546602875536144,0.30358227133771837,0.2828281273852151,0.2828281273852151,,,,,,
C9,numeric,4.580904300401666,1.703963606446305,1.0,0.0,-2.8769406939553606,-0.031703415864194895,-0.2800563402090356,0.2800563402090356,,,,,,
V155,numeric,0.7369052940800818,1.421095890410959,1.0,1.0,0.6841905963308772,0.23419901739686813,0.27846159633350154,0.27846159633350154,,,,,,
V10,numeric,0.46942293386466194,0.18866688503111692,0.0,0.0,-0.280756048833545,-0.07465802934887295,-0.27797738666150773,0.27797738666150773,,,,,,
V45,numeric,1.0818689742606953,2.2079357451774557,1.0,1.0,1.1260667709167604,0.2818319463764319,0.277451149889024,0.277451149889024,,,,,,
V11,numeric,0.48460905727403514,0.1980019652800524,0.0,0.0,-0.2866070919939827,-0.07194973041245188,-0.2770927443258512,0.2770927443258512,,,,,,
V282,numeric,0.7988935275228873,1.3212882572634235,1.0,1.0,0.5223947297405361,0.10412294409398741,0.27222726900799077,0.27222726900799077,,,,,,
V148,numeric,0.7362666836962769,1.3813698630136986,1.0,1.0,0.6451031793174217,0.22889104114794687,0.27172551650895316,0.27172551650895316,,,,,,
V146,numeric,0.12701960533878282,0.7838356164383562,0.0,0.0,0.6568160110995733,0.19858410836535842,0.2688096669865552,0.2688096669865552,,,,,,
D10,numeric,126.39612971404807,52.36365261965786,18.0,0.0,-74.0324770943902,-0.07200190861826147,-0.2683407024484574,0.2683407024484574,,,,,,
M3,boolean,,,,,,,0.26160592212623235,0.26160592212623235,3.0,__missing__,0.4590713584177194,0.05282552563629657,0.017053918667148664,0.035771606969147905
C2,numeric,14.1732830066839,45.50941296036394,1.0,2.0,31.33612995368004,0.037228939530999657,0.2577620069919968,0.2577620069919968,,,,,,
M2,boolean,,,,,,,0.25631050005434775,0.25631050005434775,3.0,T,0.48340163240424017,0.05282552563629657,0.018068575111746324,0.034756950524550245
D15,numeric,166.63314159656935,78.24580460120828,56.0,1.0,-88.38733699536107,-0.07751940067231597,-0.25585844750016606,0.25585844750016606,,,,,,
V154,numeric,0.73298422632352,1.2816438356164384,1.0,1.0,0.5486596092929183,0.20695843357229965,0.25497229218262163,0.25497229218262163,,,,,,
V38,numeric,1.1300626038073336,2.0659023820965197,1.0,1.0,0.9358397782891861,0.19900451029870042,0.2549248694016768,0.2549248694016768,,,,,,
V44,numeric,1.0524073473479376,1.9635477449028627,1.0,1.0,0.911140397554925,0.26037616734620056,0.24485350768023073,0.24485350768023073,,,,,,
M1,boolean,,,,,,,0.24250133674224839,0.24250133674224839,3.0,T,0.540886307447421,0.05282552563629657,0.0,0.05282552563629657
V1,boolean,,,,,,,0.23996593505828123,0.23996593505828123,3.0,1.0,0.5270362718867477,0.05212201069151088,0.0,0.05212201069151088
card6,categorical,,,,,,,0.2376355446238596,0.2376355446238596,5.0,debit,0.7449757848748603,0.06678479857167788,0.0,0.06678479857167788
V153,numeric,0.7321412606168977,1.2049315068493152,1.0,1.0,0.4727902462324175,0.18311384057258395,0.23717729661352793,0.23717729661352793,,,,,,
id_01,numeric,-9.667667306173119,-16.075631737056018,-5.0,-5.0,-6.407964430882899,-0.12009888526804485,-0.23555324095119778,0.23555324095119778,,,,,,
V87,numeric,1.0757975954093804,1.7996582656984195,1.0,1.0,0.7238606702890391,0.2517374422127152,0.23464716723457868,0.23464716723457868,,,,,,
C13,numeric,32.81447400052994,24.967768475052026,3.0,1.0,-7.846705525477915,-0.011145752229048655,-0.23101220435858105,0.23101220435858105,,,,,,
C1,numeric,13.314952173890156,35.53574021197309,1.0,2.0,22.220788038082937,0.030569759651240924,0.2262104635692983,0.2262104635692983,,,,,,
V222,numeric,1.2183326433291932,3.029775997086141,1.0,1.0,1.8114433537569479,0.1663827642744531,0.21681831119943196,0.21681831119943196,,,,,,
V35,numeric,0.5501223575198279,0.33225784306995265,1.0,0.0,-0.2178645144498752,-0.07711565286473053,-0.21605722044118758,0.21605722044118758,,,,,,
V294,numeric,2.281948244063966,3.194133875417453,0.0,0.0,0.9121856313534873,0.004240504340936094,0.20935250382463466,0.20935250382463466,,,,,,
V86,numeric,1.0454525772749486,1.640019527674376,1.0,1.0,0.5945669503994275,0.2518279864239561,0.2090977678857009,0.2090977678857009,,,,,,
V36,numeric,0.5863234759363545,0.38010571840461316,1.0,0.0,-0.20621775753174132,-0.06987475318173834,-0.2090690335490476,0.2090690335490476,,,,,,
C11,numeric,9.747824530556594,23.857474713255577,1.0,2.0,14.109650182698983,0.02748373459887628,0.20896214910294697,0.20896214910294697,,,,,,
V317,numeric,243.81015558790511,352.32330361548406,0.0,0.0,108.51314802757895,0.005009759916373613,0.2087803486214066,0.2087803486214066,,,,,,
V37,numeric,1.084947568082869,1.7539644401729937,1.0,1.0,0.6690168720901246,0.17694684591219914,0.20608570038711416,0.20608570038711416,,,,,,
P_emaildomain,categorical,,,,,,,0.20422520823930346,0.20422520823930346,60.0,gmail.com,0.3866884546347411,0.40789473684210525,0.0,0.40789473684210525
id_07,numeric,13.574962994290548,10.070422535211268,14.0,8.0,-3.50454045907928,-0.0847678596579284,-0.2013160232984571,0.2013160232984571,,,,,,
V150,numeric,289.0562835249042,31.86222952615722,1.0,1.0,-257.194053998747,-0.06396456514351563,0.20112255674104573,0.20112255674104573,,,,,,
V78,numeric,1.1228543327786815,1.7839751022151706,1.0,1.0,0.6611207694364891,0.15042457212509192,0.19605411142802587,0.19605411142802587,,,,,,
M9,boolean,,,,,,,0.1953341181272903,0.1953341181272903,3.0,__missing__,0.5863311545365258,0.04576435659577418,0.01778698408993659,0.027977372505837587
M8,boolean,,,,,,,0.19355921901589768,0.19355921901589768,3.0,__missing__,0.5863311545365258,0.04576435659577418,0.016217976796163394,0.029546379799610785
V259,numeric,0.8748409157121609,2.0723001274813333,1.0,1.0,1.1974592117691722,0.15163812747111624,0.1933882592489995,0.1933882592489995,,,,,,
D1,numeric,96.36470507549406,38.71130620361837,4.0,0.0,-57.65339887187569,-0.0671930590357103,-0.18993618523715072,0.18993618523715072,,,,,,
M7,boolean,,,,,,,0.18871351985689122,0.18871351985689122,3.0,__missing__,0.5863531682866528,0.045762638441655956,0.01934485792954668,0.026417780512109277
V280,numeric,1.9712301291353949,1.85266928028653,0.0,0.0,-0.11856084884886475,-0.0007821870848120279,0.18433666014576078,0.18433666014576078,,,,,,
V261,numeric,1.0667925281524975,1.5833987441130297,1.0,1.0,0.5166062159605322,0.10478494260852955,0.18402916845091344,0.18402916845091344,,,,,,
V318,numeric,161.6230428253025,176.781527225347,0.0,0.0,15.1584844000445,0.0009971344286091074,0.1838616611217505,0.1838616611217505,,,,,,
V295,numeric,1.4417364051612043,1.2041527515609118,0.0,0.0,-0.23758365360029243,-0.0016814534685521262,0.1838126635068542,0.1838126635068542,,,,,,
V308,numeric,228.54123299363127,282.0447877715754,0.0,0.0,53.50355477794412,0.003253279379157388,0.18369387173037666,0.18369387173037666,,,,,,
V221,numeric,1.1699633531134521,2.521398652340193,1.0,1.0,1.3514352992267409,0.13254518577822696,0.1807472895769202,0.1807472895769202,,,,,,
D4,numeric,142.43233894524275,72.10290382371113,28.0,1.0,-70.32943512153162,-0.06721630255951212,-0.17968947072106878,0.17968947072106878,,,,,,
V236,numeric,0.28261448127879707,0.6032182103610675,0.0,0.0,0.3206037290822704,0.03997919668887194,0.17948250344169558,0.17948250344169558,,,,,,
V102,numeric,1.8603883563327364,0.9124285575898479,0.0,0.0,-0.9479597987428885,-0.004847621793155802,0.17945943364214223,0.17945943364214223,,,,,,
C14,numeric,8.220491439380778,10.356047040603977,1.0,1.0,2.1355556012231993,0.007920558690608087,-0.17897616790250193,0.17897616790250193,,,,,,
V133,numeric,207.17696601028246,141.7733668583684,0.0,0.0,-65.40359915191405,-0.00316531229630878,0.17803731494906327,0.17803731494906327,,,,,,
V277,numeric,49.66782215204057,78.95855750496759,0.0,0.0,29.290735352927015,0.010737611969997939,0.17660711573276067,0.17660711573276067,,,,,,
V248,numeric,1.0491857815332923,1.309065934065934,1.0,1.0,0.25988015253264174,0.07851776676735503,0.17228466181398527,0.17228466181398527,,,,,,
V103,numeric,1.304329505951754,0.5884432819916691,0.0,0.0,-0.7158862239600848,-0.005120718920326604,0.17027215784271066,0.17027215784271066,,,,,,
V134,numeric,147.8264157904955,94.82190702435098,0.0,0.0,-53.004508766144525,-0.003511901830277595,0.16901517074207995,0.16901517074207995,,,,,,
V95,numeric,1.0545173636714773,0.5828731957764216,0.0,0.0,-0.4716441678950557,-0.004119681936687074,0.16887889952592983,0.16887889952592983,,,,,,
V126,numeric,131.56369303961313,86.27255441910258,0.0,0.0,-45.29113862051055,-0.003545573141569606,0.16525443500268744,0.16525443500268744,,,,,,
V97,numeric,1.742615611503213,1.065581710743001,0.0,0.0,-0.677033900760212,-0.004490564812846227,0.164528463519231,0.164528463519231,,,,,,
V77,numeric,1.0713768765889535,1.5461036187221577,1.0,1.0,0.4747267421332042,0.15838120990922072,0.1640541726768585,0.1640541726768585,,,,,,
V306,numeric,140.58199404651484,116.76534920703678,0.0,0.0,-23.81664483947806,-0.0018631493144339497,0.1616703421256287,0.1616703421256287,,,,,,
V262,numeric,0.9859029591310567,1.3362441130298273,1.0,1.0,0.3503411538987705,0.15033842322934066,0.1613268275442612,0.1613268275442612,,,,,,
V279,numeric,1.1380760774005163,0.7089201877934272,0.0,0.0,-0.42915588960708906,-0.0037511494423915154,0.1611963385983073,0.1611963385983073,,,,,,
V128,numeric,205.20030135462625,173.57455431240007,0.0,0.0,-31.62574704222618,-0.0019302533744433997,0.16064015230557294,0.16064015230557294,,,,,,
V12,numeric,0.5646234310043782,0.41398426323319026,1.0,0.0,-0.1506391677711879,-0.05240600917509126,-0.1598013879406497,0.1598013879406497,,,,,,
V75,numeric,0.5492103944625548,0.3983035332885824,1.0,0.0,-0.1509068611739724,-0.05217111840107857,-0.15966367940589798,0.15966367940589798,,,,,,
V76,numeric,0.5921495126693596,0.4516384939281137,1.0,0.0,-0.14051101874124583,-0.04641888285405036,-0.15820797188296576,0.15820797188296576,,,,,,
V237,numeric,0.23214790665180726,0.5053963893249608,0.0,0.0,0.2732484826731535,0.04272232327489804,0.15551567834339441,0.15551567834339441,,,,,,
V249,numeric,1.0253164556962024,1.2497056514913658,1.0,1.0,0.22438919579516337,0.11388722359124444,0.15405826586271076,0.15405826586271076,,,,,,
V13,numeric,0.6036315705929984,0.46667858845970434,1.0,0.0,-0.1369529821332941,-0.04570627083804593,-0.15400114749464766,0.15400114749464766,,,,,,
V278,numeric,40.397292863826145,65.1080349290764,0.0,0.0,24.71074206525025,0.010039548848609407,0.15369389581020143,0.15369389581020143,,,,,,
V234,numeric,2.1564469386816323,1.3374613003095974,0.0,0.0,-0.8189856383720349,-0.01935764456292585,0.15201063330461806,0.15201063330461806,,,,,,
V332,numeric,1432.5238272427498,164.85946825827455,0.0,0.0,-1267.6643589844753,-0.023468291149377228,0.15027161236034625,0.15027161236034625,,,,,,
V53,numeric,0.5819562026181906,0.44304816144608145,1.0,0.0,-0.13890804117210914,-0.04739953943952122,-0.1499927163726842,0.1499927163726842,,,,,,
V333,numeric,1056.1843600083828,127.633749321758,0.0,0.0,-928.5506106866247,-0.024133896370810624,0.1497078192279404,0.1497078192279404,,,,,,
V324,numeric,9.567215407106083,1.019262072707542,0.0,0.0,-8.54795333439854,-0.024006119680191337,0.14705560806677664,0.14705560806677664,,,,,,
C6,numeric,8.78637670936009,16.923147655229155,1.0,1.0,8.136770945869065,0.020908983553784687,0.1464830289750736,0.1464830289750736,,,,,,
V101,numeric,0.9077144562660205,0.3798314443475734,0.0,0.0,-0.5278830119184472,-0.0047121099858362814,0.14505517366504916,0.14505517366504916,,,,,,
V323,numeric,13.642789042140723,1.600379815518177,0.0,0.0,-12.042409226622546,-0.023328624944233257,0.14395184370600567,0.14395184370600567,,,,,,
V132,numeric,105.35246691235544,52.77134007318276,0.0,0.0,-52.581126839172676,-0.0042631145265669985,0.14394593441148973,0.14394593441148973,,,,,,
V239,numeric,0.11168100341935384,0.4372609725004553,0.0,0.0,0.3255799690811015,0.1413945261994241,0.14112451007493032,0.14112451007493032,,,,,,
D11,numeric,147.80820063772543,87.31444480838519,44.0,7.0,-60.493755829340245,-0.04509394193508504,-0.13898698554152256,0.13898698554152256,,,,,,
V245,numeric,0.8283653035251545,1.4497359315243126,1.0,1.0,0.6213706279991581,0.0913196967239914,0.13885481755797113,0.13885481755797113,,,,,,
V54,numeric,0.6235496390436164,0.5101522842639594,1.0,0.0,-0.11339735477965696,-0.03702524794065692,-0.13695770185461287,0.13695770185461287,,,,,,
V253,numeric,1.1414943695004907,1.406004709576138,1.0,1.0,0.26451034007564744,0.019651836299500687,0.1356184424765816,0.1356184424765816,,,,,,
V62,numeric,0.8612499748637615,1.0619041723412157,1.0,1.0,0.20065419747745417,0.07239883344940634,0.13510842994609584,0.13510842994609584,,,,,,
V192,numeric,1.2231942889137737,1.4023915209711024,1.0,1.0,0.17919723205732874,0.018343566914235294,0.13331467965618704,0.13331467965618704,,,,,,
V316,numeric,111.09808360740955,74.52658101290292,0.0,0.0,-36.571502594506626,-0.0029602806832663485,0.1332029575289857,0.1332029575289857,,,,,,
V293,numeric,0.960243355028454,0.4559314650791346,0.0,0.0,-0.5043118899493194,-0.0045008042513329715,0.1326945333086329,0.1326945333086329,,,,,,
V47,numeric,1.0313166455366531,1.239651266561406,1.0,1.0,0.20833462102475275,0.16411406343502483,0.13143648410976105,0.13143648410976105,,,,,,
V235,numeric,0.16408290224388297,0.42032967032967034,0.0,0.0,0.2562467680857874,0.07619366563521315,0.1305297443430029,0.1305297443430029,,,,,,
V247,numeric,1.0106206024717643,1.1991758241758241,1.0,1.0,0.1885552217040598,0.17971069977984136,0.1303994738666272,0.1303994738666272,,,,,,
V292,numeric,1.2206672785053354,1.7708242582643627,1.0,1.0,0.5501569797590273,0.02677850015943364,0.1302490857133043,0.1302490857133043,,,,,,
V152,numeric,9.708033205619412,3.528074500136949,1.0,1.0,-6.179958705482463,-0.059153859315567825,0.12958659657967364,0.12958659657967364,,,,,,
V83,numeric,0.8759806923455996,1.0590712149874901,1.0,1.0,0.18309052264189052,0.06915472593125409,0.1292287081196799,0.1292287081196799,,,,,,
V276,numeric,30.062054263689625,52.268201682313084,0.0,0.0,22.20614741862346,0.009680710491207712,0.12917808268049624,0.12917808268049624,,,,,,
V195,numeric,0.9379956349175528,1.1429990966576333,1.0,1.0,0.20500346174008055,0.14705171587108723,0.12698795046990408,0.12698795046990408,,,,,,
V145,numeric,22.97425287356322,3.641194193371679,0.0,0.0,-19.33305868019154,-0.061964036666447085,0.12656934732974356,0.12656934732974356,,,,,,
V56,numeric,1.1136680809990147,1.3460443233873962,1.0,1.0,0.2323762423883815,0.06135614794277001,0.1254607093138882,0.1254607093138882,,,,,,
id_08,numeric,-38.150348910974834,-43.5962441314554,-34.0,-36.0,-5.4458952204805655,-0.057488772272331935,-0.12492641051071351,0.12492641051071351,,,,,,
V254,numeric,1.0553901428832815,1.3077904238618525,1.0,1.0,0.25240028097857103,0.0499009390769556,0.12486061380538227,0.12486061380538227,,,,,,
V238,numeric,0.10836131683456768,0.3606811145510836,0.0,0.0,0.2523197977165159,0.11751178294587855,0.12176214346061642,0.12176214346061642,,,,,,
V184,numeric,0.11301058648999215,0.35745257452574525,0.0,0.0,0.2444419880357531,0.12139441667120288,0.12069243529894225,0.12069243529894225,,,,,,
V331,numeric,751.325339096788,90.38469886055344,0.0,0.0,-660.9406402362345,-0.021982048900506576,0.12057140178933445,0.12057140178933445,,,,,,
V193,numeric,1.1387566878188378,1.279010779961953,1.0,1.0,0.14025409214311524,0.022069655678768004,0.11992367770864254,0.11992367770864254,,,,,,
V322,numeric,6.481510201487319,0.6454150841020075,0.0,0.0,-5.8360951173853115,-0.0215407886698201,0.11805419928231964,0.11805419928231964,,,,,,
V194,numeric,0.9326441370418411,1.098464317976513,1.0,1.0,0.16582018093467188,0.14720391150912318,0.11468312085819132,0.11468312085819132,,,,,,
V198,numeric,0.9417238192141298,1.1971996386630532,1.0,1.0,0.2554758194489234,0.13990292115480685,0.1145781092112288,0.1145781092112288,,,,,,
V185,numeric,0.15148855525091456,0.43459801264679315,0.0,0.0,0.28310945739587856,0.10924541325577183,0.11443421670518861,0.11443421670518861,,,,,,
V291,numeric,1.5965549856369996,3.4045302744300856,1.0,1.0,1.807975288793086,0.020440597912171093,0.11436497715481142,0.11436497715481142,,,,,,
V180,numeric,0.9408616765955464,0.7294489611562782,0.0,0.0,-0.2114127154392682,-0.009338650071619157,0.1143071500022983,0.1143071500022983,,,,,,
V182,numeric,0.873398034092323,0.6564000362351662,0.0,0.0,-0.2169979978571568,-0.010107615049371174,0.11386893308794677,0.11386893308794677,,,,,,
V215,numeric,134.67174051760148,116.15980137179582,0.0,0.0,-18.511939145805655,-0.004800878155437743,0.11340693979064098,0.11340693979064098,,,,,,
id_18,categorical,,,,,,,0.11050441745536177,0.11050441745536177,19.0,__missing__,0.9236072069631185,0.3333333333333333,0.0,0.3333333333333333
id_02,numeric,172396.36289240263,201522.56923899482,124125.0,149599.5,29126.206346592196,0.04939787996721308,0.109706864023845,0.109706864023845,,,,,,
V252,numeric,1.0146542690330844,1.2372448979591837,1.0,1.0,0.22259062892609927,0.15336400048669846,0.10921951257948548,0.10921951257948548,,,,,,
V183,numeric,0.48525569242254574,0.47812301838934684,0.0,0.0,-0.007132674033198894,-0.0006530800985974253,0.10918353746836007,0.10918353746836007,,,,,,
V216,numeric,71.22910218320614,69.68645433148933,0.0,0.0,-1.5426478517168078,-0.0006118973117613888,0.10856466093727679,0.10856466093727679,,,,,,
V260,numeric,0.9506146143482094,1.1273547880690737,1.0,1.0,0.17674017372086437,0.12488856705074163,0.10687415113086929,0.10687415113086929,,,,,,
V191,numeric,1.0480278710961801,1.1866111060784492,1.0,1.0,0.1385832349822691,0.05519191286048402,0.10630433985772592,0.10630433985772592,,,,,,
V197,numeric,0.9341742460135612,1.1262872628726288,1.0,1.0,0.19211301685906756,0.1539837315440277,0.10562170914643465,0.10562170914643465,,,,,,
V166,numeric,367.3795281054812,189.82821687872328,0.0,0.0,-177.55131122675792,-0.029435877749742375,0.10402489144666527,0.10402489144666527,,,,,,
id_06,numeric,-6.566518116028376,-8.21398652340193,0.0,0.0,-1.6474684073735544,-0.02713943481331893,-0.10272390052657832,0.10272390052657832,,,,,,
V159,numeric,2832.3535512214357,294.72824207850266,0.0,0.0,-2537.625309142933,-0.06266039086816988,-0.1015414695950968,0.1015414695950968,,,,,,
V61,numeric,0.8258963582617789,0.9494861953695679,1.0,1.0,0.12358983710778904,0.04941222763739357,0.1014119204060504,0.1014119204060504,,,,,,
V144,numeric,3.8261558109833973,1.1848808545603944,0.0,0.0,-2.641274956423003,-0.05197017105348641,0.09963096588593623,0.09963096588593623,,,,,,
V82,numeric,0.8406396846114036,0.9621041069140172,1.0,1.0,0.12146442230261356,0.05111466657017009,0.0992185983290601,0.0992185983290601,,,,,,
D14,numeric,58.15216284061557,54.46457784555663,0.0,0.0,-3.687584995058934,-0.008662575551178811,0.09910257615398144,0.09910257615398144,,,,,,
V181,numeric,0.24296223715316662,0.37412809131261887,0.0,0.0,0.13116585415945226,0.028337329938900015,0.09593703293952216,0.09593703293952216,,,,,,
V214,numeric,37.6248272365573,47.90482737476146,0.0,0.0,10.280000138204159,0.004850812415305363,0.09499017252990938,0.09499017252990938,,,,,,
V24,numeric,1.0511522209563766,1.2641273247496423,1.0,1.0,0.21297510379326567,0.12382430317338897,0.09416908120997003,0.09416908120997003,,,,,,
V165,numeric,2331.1801069791168,282.564747350897,0.0,0.0,-2048.6153596282197,-0.051398642534157615,0.09406044565896843,0.09406044565896843,,,,,,
V23,numeric,1.0279972914921105,1.2363495469718646,1.0,1.0,0.2083522554797541,0.14940777371533148,0.0933491314727366,0.0933491314727366,,,,,,
V196,numeric,1.0721817842478536,1.2290062505661745,1.0,1.0,0.15682446631832092,0.03826621548403171,0.09203482420618658,0.09203482420618658,,,,,,
V65,boolean,,,,,,,0.09103676156383567,0.09103676156383567,3.0,1.0,0.8691553493412809,0.05848552454083221,0.005780346820809248,0.052705177720022964
V290,numeric,1.097133190726959,1.2651372150428344,1.0,1.0,0.16800402431587536,0.04014893641753484,0.08798660010531378,0.08798660010531378,,,,,,
dist1,numeric,117.36009832386924,174.5888538380652,8.0,10.0,57.22875551419597,0.021522161350321065,0.0857516965210181,0.0857516965210181,,,,,,
D12,numeric,55.34578686601656,44.20255330350092,0.0,0.0,-11.14323356251564,-0.028863827846510936,0.08451069220320262,0.08451069220320262,,,,,,
V307,numeric,403.7081032229967,545.881593400184,0.0,12.809000015258787,142.17349017718726,0.005948114008690791,0.08381069185266266,0.08381069185266266,,,,,,
V55,numeric,1.0641356150334815,1.1764887953448062,1.0,1.0,0.11235318031132469,0.05011376566322592,0.0827616177391004,0.0827616177391004,,,,,,
id_33,categorical,,,,,,,0.08261883397095571,0.08261883397095571,261.0,__missing__,0.8758949436109323,1.0,0.0,1.0
V46,numeric,1.0183118593429057,1.1333150271160843,1.0,1.0,0.11500316777317865,0.12599085488591724,0.08245667969424808,0.08245667969424808,,,,,,
V123,numeric,1.0251167526949683,1.1967451322290033,1.0,1.0,0.17162837953403498,0.13822165473301318,0.08143233707843289,0.08143233707843289,,,,,,
V67,numeric,0.994743509823242,1.1020799801906649,1.0,1.0,0.10733647036742289,0.0761939623475695,0.08129184844479331,0.08129184844479331,,,,,,
V281,numeric,0.08069230146978655,0.2833583935587137,0.0,0.0,0.2026660920889271,0.07262721128140001,0.08095655155357817,0.08095655155357817,,,,,,
V125,numeric,1.044443273991362,1.2151506345054732,1.0,1.0,0.17070736051411117,0.1119990195286183,0.08092320206288739,0.08092320206288739,,,,,,
V20,numeric,0.8444396221752051,0.948795898903195,1.0,1.0,0.10435627672798997,0.04034101110148342,0.07964141160196347,0.07964141160196347,,,,,,
V312,numeric,37.94229211592166,73.144118941267,0.0,0.0,35.201826825345336,0.037578126133816336,0.07784043296571741,0.07784043296571741,,,,,,
V5,numeric,0.8745063854470141,1.0011464133639043,1.0,1.0,0.12664002791689022,0.03690397255425065,0.07700662301595318,0.07700662301595318,,,,,,
V3,numeric,1.075838857993033,1.1898132983950214,1.0,1.0,0.11397444040198845,0.049257416082911135,0.07672661052309393,0.07672661052309393,,,,,,
V162,numeric,5.798320454690593,23.676712328767124,0.0,0.0,17.87839187407653,0.053302336233606834,0.07649966975969869,0.07649966975969869,,,,,,
V99,numeric,0.9018171284104076,0.7065291097549162,0.0,0.0,-0.1952880186554914,-0.013178826745814025,-0.07634489600157002,0.07634489600157002,,,,,,
V151,numeric,6.660395913154534,2.1665297178855107,1.0,1.0,-4.493866195269023,-0.06086801752139531,0.07394370163285613,0.07394370163285613,,,,,,
V287,numeric,0.3543844440895858,0.47427520449155414,0.0,0.0,0.11989076040196833,0.020416840379746195,0.07233615757697365,0.07233615757697365,,,,,,
V315,numeric,25.732347025797228,56.44721249949604,0.0,0.0,30.71486547369881,0.048298096077259656,0.07223774753355916,0.07223774753355916,,,,,,
V163,numeric,4.872220448304489,19.1,0.0,0.0,14.227779551695512,0.04653220466098808,0.07050377261271246,0.07050377261271246,,,,,,
V142,numeric,0.043131745322178935,0.16547945205479453,0.0,0.0,0.1223477067326156,0.08041082180216956,0.0697899741668977,0.0697899741668977,,,,,,
V164,numeric,913.7384497674428,109.05367021396107,0.0,0.0,-804.6847795534818,-0.027445139205445147,0.06917863263200874,0.06917863263200874,,,,,,
V161,numeric,4.337460885113992,15.708219178082192,0.0,0.0,11.370758292968201,0.039805988604711705,0.06917190779165905,0.06917190779165905,,,,,,
V289,numeric,0.23111065779894277,0.3701314449240918,0.0,0.0,0.139020787125149,0.042629211275678106,0.06875853656207842,0.06875853656207842,,,,,,
V141,numeric,0.033718628264895585,0.12301369863013699,0.0,0.0,0.0892950703652414,0.08562757438174144,0.06866765053490176,0.06866765053490176,,,,,,
id_30,categorical,,,,,,,0.06857248997006349,0.06857248997006349,76.0,__missing__,0.868654113184543,0.6,0.0,0.6
V124,numeric,1.0875100951578356,1.2437275985663083,1.0,1.0,0.15621750340847274,0.07672122015707387,0.0682653169645282,0.0682653169645282,,,,,,
V313,numeric,20.593754031111544,42.25073534121608,0.0,0.0,21.656981310104534,0.04149425290949069,0.06819912946261919,0.06819912946261919,,,,,,
V19,numeric,0.813956852745981,0.8879947544110635,1.0,1.0,0.0740379016650825,0.0309036247329995,0.06618462354335919,0.06618462354335919,,,,,,
V329,numeric,1.356689760376279,0.37710255018990774,0.0,0.0,-0.9795872101863714,-0.0230988900659081,0.06518699752196166,0.06518699752196166,,,,,,
V130,numeric,91.98081345233344,97.27060516714576,0.0,0.0,5.289791714812324,0.0030759775320368917,-0.06505697887038298,0.06505697887038298,,,,,,
V338,numeric,155.74869128645304,53.24226804123711,0.0,0.0,-102.50642324521593,-0.01935644158131465,0.06417591041001325,0.06417591041001325,,,,,,
V288,numeric,0.181451286722682,0.26429645438230587,0.0,0.0,0.08284516765962388,0.03532020787437104,0.06344492607267305,0.06344492607267305,,,,,,
V271,numeric,8.85888162181829,16.408079454545398,0.0,0.0,7.549197832727108,0.027248467735313142,0.06217074132408973,0.06217074132408973,,,,,,
V143,numeric,8.752247765006386,0.7784168720898385,0.0,0.0,-7.973830892916547,-0.02976679219358928,0.061935539275616236,0.061935539275616236,,,,,,
V314,numeric,42.04524684716935,78.45638827621437,0.0,0.0,36.41114142904502,0.038535327801320345,0.0617798478820164,0.0617798478820164,,,,,,
V14,boolean,,,,,,,0.06163596052388187,0.06163596052388187,3.0,1.0,0.8707454194466082,0.051095658117860474,0.01556420233463035,0.03553145578323012
V127,numeric,338.7328539262698,278.08945060008995,0.0,0.0,-60.64340332617985,-0.0026286431395885603,0.06115529758579141,0.06115529758579141,,,,,,
V272,numeric,7.951062872632521,14.563544939925949,0.0,0.0,6.612482067293428,0.02538183270481111,0.06027900336041614,0.06027900336041614,,,,,,
V267,numeric,37.912557255311576,20.15689628590571,0.0,0.0,-17.755660969405866,-0.0073898162223317,0.06002289761361057,0.06002289761361057,,,,,,
V227,numeric,0.13787049388963,0.2679839737752686,0.0,0.0,0.13011347988563862,0.016991919191671496,0.059838428477544614,0.059838428477544614,,,,,,
V96,numeric,3.0472067137188805,1.8460234427976363,0.0,0.0,-1.2011832709212442,-0.005484463663540023,0.05963427807333166,0.05963427807333166,,,,,,
V224,numeric,0.39359437116385837,0.40835949764521196,0.0,0.0,0.014765126481353585,0.001150895128959332,0.0594136010805153,0.0594136010805153,,,,,,
V88,boolean,,,,,,,0.05803915697788309,0.05803915697788309,3.0,1.0,0.8483726758559962,0.047956574402225116,0.0291005291005291,0.018856045301696017
M5,boolean,,,,,,,0.05734225538757198,0.05734225538757198,3.0,__missing__,0.5934940901547736,0.03769743508696905,0.026522556249103713,0.011174878837865339
V270,numeric,7.414661369136034,11.25334645608283,0.0,0.0,3.8386850869467963,0.015683115908897448,0.05685660851657093,0.05685660851657093,,,,,,
V309,numeric,10.547605655575921,23.363124730326096,0.0,0.0,12.815519074750174,0.020255807299816367,0.0546777231470299,0.0546777231470299,,,,,,
V160,numeric,49365.66713241324,6437.664702307587,0.0,0.0,-42928.002430105655,-0.06233829744594949,-0.054108124123519064,0.054108124123519064,,,,,,
V9,numeric,1.0403149957233726,1.1021945627251883,1.0,1.0,0.06187956700181574,0.03791477628193659,0.0537684478095064,0.0537684478095064,,,,,,
V284,numeric,0.08626749750380353,0.15129954987657906,0.0,0.0,0.06503205237277554,0.03530930303504999,0.05330287580256354,0.05330287580256354,,,,,,
V330,numeric,0.7975338460560605,0.31361909929462833,0.0,0.0,-0.48391474676143215,-0.02116392507366191,0.05145359938410654,0.05145359938410654,,,,,,
V285,numeric,1.1733650132399314,1.0103092783505154,0.0,0.0,-0.16305573488941594,-0.009127666684282854,-0.051398450548872376,0.051398450548872376,,,,,,
V339,numeric,103.28759041567187,45.49647314161693,0.0,0.0,-57.79111727405494,-0.014663379418456312,0.0503696158069693,0.0503696158069693,,,,,,
id_14,categorical,,,,,,,0.050317588826673365,0.050317588826673365,26.0,__missing__,0.8644562603718631,1.0,0.0,1.0
id_09,numeric,0.0811338470021908,0.17580171202248626,0.0,0.0,0.09466786502029546,0.029430893966330102,0.046345492029226776,0.046345492029226776,,,,,,
D9,numeric,0.5658463949757355,0.5199998736255879,0.6666659712791443,0.625,-0.04584652135014766,-0.04425253921102916,-0.046254859010112837,0.046254859010112837,,,,,,
V268,numeric,19.281140425755137,13.295416323780966,0.0,0.0,-5.985724101974171,-0.005161072679026348,0.04573917261246607,0.04573917261246607,,,,,,
V225,numeric,0.18877559506977828,0.22694270015698587,0.0,0.0,0.03816710508720758,0.007935938017775276,0.04519421570165272,0.04519421570165272,,,,,,
TransactionDT,numeric,7360791.131031784,7690033.087983352,7271678.0,7575230.0,329241.9569515679,0.013103054993050249,0.04450837654727402,0.04450837654727402,,,,,,
V116,numeric,1.0136381193159871,1.0736704446381866,1.0,1.0,0.06003232532219949,0.08064377871984142,0.04433908699972311,0.04433908699972311,,,,,,
V328,numeric,0.34057077480455095,0.25610417797069995,0.0,0.0,-0.084466596833851,-0.011053260609156982,0.0432743621611027,0.0432743621611027,,,,,,
V337,numeric,56.1775796103582,37.74226804123711,0.0,0.0,-18.43531156912109,-0.005702428166627238,0.04260135365945805,0.04260135365945805,,,,,,
V138,numeric,0.03249249632799029,0.1210958904109589,0.0,0.0,0.0886033940829686,0.04265831478432112,0.0423465134934875,0.0423465134934875,,,,,,
V115,numeric,1.0303802802064679,1.0895572992347187,1.0,1.0,0.05917701902825079,0.05710820737635103,0.04220025848815134,0.04220025848815134,,,,,,
V114,numeric,1.0072825590786194,1.0649036132907101,1.0,1.0,0.05762105421209074,0.09608600001674465,0.042198468453467974,0.042198468453467974,,,,,,
id_03,numeric,0.051594271431466596,0.13174915635545556,0.0,0.0,0.08015488492398896,0.041456643505958846,0.041539123742663886,0.041539123742663886,,,,,,
id_32,categorical,,,,,,,0.04064913620255761,0.04064913620255761,5.0,__missing__,0.8686185525112609,0.5,0.03355466572051295,0.46644533427948703
id_34,categorical,,,,,,,0.04044340718353978,0.04044340718353978,5.0,__missing__,0.8682477054898906,0.06365101289134438,0.0,0.06365101289134438
V7,numeric,1.0718571704784907,1.1234850966262693,1.0,1.0,0.05162792614777856,0.023492001477218326,0.03977516633821487,0.03977516633821487,,,,,,
V310,numeric,117.45155912529822,138.7192255608266,0.0,0.0,21.267666435528383,0.011071035212630875,-0.03778612055528752,0.03778612055528752,,,,,,
V226,numeric,0.24578752141585855,0.26913265306122447,0.0,0.0,0.02334513164536592,0.002273113307346917,0.037438789310672016,0.037438789310672016,,,,,,
V320,numeric,41.62586612923151,54.40954517970836,0.0,0.0,12.783679050476849,0.004960880975737533,0.03717273016527178,0.03717273016527178,,,,,,
V66,numeric,0.9795712763176416,1.0261854649003344,1.0,1.0,0.04661418858269273,0.037630853193012605,0.037142404440710486,0.037142404440710486,,,,,,
V298,numeric,0.29804673722114106,0.3204104351193069,0.0,0.0,0.022363697898165835,0.0012942367007047432,0.036828026972937744,0.036828026972937744,,,,,,
V112,numeric,1.003660592015169,1.0521166327617941,1.0,1.0,0.04845604074662502,0.10521209993223879,0.036485763414519035,0.036485763414519035,,,,,,
V131,numeric,30.36699875848984,52.27401218679447,0.0,0.0,21.907013428304634,0.024974677273711065,0.03637502668172132,0.03637502668172132,,,,,,
V113,numeric,1.0017328557884757,1.0489198876295651,1.0,1.0,0.04718703184108941,0.11597582692795115,0.03519520393702735,0.03519520393702735,,,,,,
V111,numeric,1.0009234874820043,1.0478058703865156,1.0,1.0,0.0468823829045113,0.12160956073759908,0.03492621478735192,0.03492621478735192,,,,,,
V296,numeric,0.3263302465119387,0.4002522190425377,0.0,0.0,0.07392197253059901,0.004160508556702396,0.034632712781963004,0.034632712781963004,,,,,,
V129,numeric,8.49304125200744,16.380527896635364,0.0,0.0,7.8874866446279235,0.012730588175913393,0.03448827519118702,0.03448827519118702,,,,,,
V301,numeric,0.050056800796266274,0.10564097589367998,0.0,0.0,0.0555841750974137,0.032086561883338596,0.03390486818784022,0.03390486818784022,,,,,,
V98,numeric,0.06050247550826925,0.1028770706190061,0.0,0.0,0.042374595110736844,0.027317813001375812,0.03386345078678654,0.03386345078678654,,,,,,
V110,numeric,1.0062273956248464,1.0494526784849365,1.0,1.0,0.043225282860090086,0.08162973964551996,0.03350586299881697,0.03350586299881697,,,,,,
V108,numeric,1.0031180870114822,1.0458684490942556,1.0,1.0,0.042750362082773385,0.09679437359913902,0.032984182008590546,0.032984182008590546,,,,,,
V109,numeric,1.0133326310614839,1.0557492976847815,1.0,1.0,0.04241666662329768,0.060994001066503024,0.03250298105828331,0.03250298105828331,,,,,,
V100,numeric,0.2714684504371642,0.32965223287803935,0.0,0.0,0.05818378244087513,0.011286225991512713,0.03228982296283167,0.03228982296283167,,,,,,
V251,numeric,0.7850177101062606,0.903660535421599,1.0,1.0,0.11864282531533832,0.06334827593073726,0.031544518927770326,0.031544518927770326,,,,,,
V220,numeric,0.14718554977996534,0.43416499726825714,0.0,0.0,0.2869794474882918,0.07661637397883446,0.03146639483248537,0.03146639483248537,,,,,,
V136,numeric,38.824830283479976,38.72092866040727,0.0,0.0,-0.10390162307270856,-4.2251815845043316e-05,0.03120909534769667,0.03120909534769667,,,,,,
V105,numeric,0.2832192141578005,0.22391746585294972,0.0,0.0,-0.05930174830485077,-0.003229285469556621,0.031088657987510482,0.031088657987510482,,,,,,
D6,numeric,72.62904580793963,45.8564394920964,0.0,0.0,-26.772606315843234,-0.057235579033438705,0.030925260699236512,0.030925260699236512,,,,,,
V335,numeric,59.6223457699941,49.394465545306566,0.0,0.0,-10.227880224687532,-0.005455958188612138,0.03084512341202217,0.03084512341202217,,,,,,
V321,numeric,28.20458028180199,31.691672502497113,0.0,0.0,3.4870922206951214,0.001677111435483371,0.03050967157575024,0.03050967157575024,,,,,,
V299,numeric,0.17175586584238076,0.16886888340351386,0.0,0.0,-0.0028869824388668974,-0.0003076622185036759,0.030261755614795716,0.030261755614795716,,,,,,
V106,numeric,0.16531128199726114,0.14453162840259615,0.0,0.0,-0.020779653594664993,-0.002091194706931486,0.030022003446479095,0.030022003446479095,,,,,,
V137,numeric,26.37270317716358,26.155053905307653,0.0,0.0,-0.21764927185592597,-0.00011479958381915574,0.02991068616419046,0.02991068616419046,,,,,,
V326,numeric,0.8568867984491196,0.7262615301139447,0.0,0.0,-0.13062526833517496,-0.006837540006062378,0.029364697839030285,0.029364697839030285,,,,,,
V4,numeric,0.8456711027799716,0.8856862102849656,1.0,1.0,0.04001510750499404,0.01261068921718405,0.029184891059647278,0.029184891059647278,,,,,,
V336,numeric,28.67367177277203,25.48399348887683,0.0,0.0,-3.189678283895198,-0.002402066638591314,0.028636095307067233,0.028636095307067233,,,,,,
V327,numeric,0.29694273183753894,0.2900162778079219,0.0,0.0,-0.006926454029617057,-0.0010497488677669706,0.027843659654312125,0.027843659654312125,,,,,,
V169,numeric,0.149981747431048,0.3782294489611563,0.0,0.0,0.2282477015301083,0.06810293439986598,0.027389878851060034,0.027389878851060034,,,,,,
V256,numeric,0.8000214667954675,0.9922600619195047,1.0,1.0,0.19223859512403718,0.0530431226899718,0.026621812222829888,0.026621812222829888,,,,,,
V300,numeric,0.04411118184344083,0.08400834262986856,0.0,0.0,0.03989716078642773,0.025316660712279927,0.02525752359480915,0.02525752359480915,,,,,,
V210,numeric,14.408390209633522,14.19928968056646,0.0,0.0,-0.20910052906706156,-0.0006525308250589002,0.024902820129077075,0.024902820129077075,,,,,,
V2,numeric,1.0445293579815629,1.0789387487717,1.0,1.0,0.03440939079013705,0.019872176833453072,0.024708319823487868,0.024708319823487868,,,,,,
id_05,numeric,1.6279561179825712,1.4737752686213805,0.0,0.0,-0.1541808493611907,-0.007978411819556993,0.024101010342742146,0.024101010342742146,,,,,,
V175,numeric,0.2131977724098828,0.2061427280939476,0.0,0.0,-0.007055044315935205,-0.0022224537037517874,0.023870637337301215,0.023870637337301215,,,,,,
D13,numeric,19.316574435271704,6.492321193505924,0.0,0.0,-12.824253241765781,-0.05943039213973744,-0.02326949152589597,0.02326949152589597,,,,,,
V208,numeric,8.729765937608313,10.730772966706441,0.0,0.0,2.001007029098128,0.009150207922069107,0.022981309339924705,0.022981309339924705,,,,,,
V174,numeric,0.12598932807245106,0.14878048780487804,0.0,0.0,0.022791159732426985,0.01620445673069215,0.02269606212568398,0.02269606212568398,,,,,,
V104,numeric,0.08500298465536009,0.0973069844037586,0.0,0.0,0.012303999748398506,0.003484721076402876,0.021387610600035467,0.021387610600035467,,,,,,
V209,numeric,36.3865407789731,18.897558344869648,0.0,0.0,-17.488982434103452,-0.01882854191767668,0.021206098351362446,0.021206098351362446,,,,,,
V135,numeric,17.265587765505618,16.823744818000936,0.0,0.0,-0.4418429475046821,-0.00027626329806623175,0.0211856309948113,0.0211856309948113,,,,,,
card4,categorical,,,,,,,0.019802593606333962,0.019802593606333962,5.0,visa,0.6515511227012565,0.0772816117877011,0.02599873176918199,0.051282880018519106
dist2,numeric,235.19975808354968,201.4722594478692,36.0,49.0,-33.72749863568049,-0.01905362329259626,-0.019522428704460415,0.019522428704460415,,,,,,
id_21,categorical,,,,,,,0.017839974169314488,0.017839974169314488,491.0,__missing__,0.9912639279303688,1.0,0.0,1.0
id_25,categorical,,,,,,,0.017315320607456997,0.017315320607456997,342.0,__missing__,0.9913096487960172,1.0,0.0,1.0
V8,numeric,1.0272819329700111,1.0488044546347854,1.0,1.0,0.021522521664774308,0.016041256498769724,0.01592917971305563,0.01592917971305563,,,,,,
V319,numeric,18.36863109088603,18.478514298182894,0.0,0.0,0.10988320729686407,6.0759885426408806e-05,0.015752453463186766,0.015752453463186766,,,,,,
V297,numeric,0.08873123026951903,0.09738154009970476,0.0,0.0,0.008650309830185735,0.002529593088136817,0.01566762450731929,0.01566762450731929,,,,,,
V206,numeric,6.508866084294821,2.467472285596516,0.0,0.0,-4.041393798698305,-0.00569525110389919,-0.015551910341565778,0.015551910341565778,,,,,,
V173,numeric,0.05688534278959811,0.035963402482108886,0.0,0.0,-0.02092194030748922,-0.021348518349905383,-0.01554524615031505,0.01554524615031505,,,,,,
V255,numeric,0.7962801110139994,0.9298852668002185,1.0,1.0,0.13360515578621912,0.03807494413447378,0.015164063029543096,0.015164063029543096,,,,,,
V250,numeric,0.7821810264194918,0.8646876707339283,1.0,1.0,0.08250664431443644,0.04521316161849111,0.014153835059597553,0.014153835059597553,,,,,,
V26,numeric,0.9874279422372516,1.00619933237959,1.0,1.0,0.018771390142338307,0.015929046145122097,0.013971127153511453,0.013971127153511453,,,,,,
id_26,categorical,,,,,,,0.01393551222476308,0.01393551222476308,96.0,__missing__,0.9912571544687913,1.0,0.0,1.0
V6,numeric,1.0453289725935369,1.0635440550278414,1.0,1.0,0.018215082434304586,0.010552477634239957,0.013507333856117132,0.013507333856117132,,,,,,
id_04,numeric,-0.044433560764709855,-0.1796962879640045,0.0,0.0,-0.13526272719929464,-0.05970132128618377,-0.01334501043969516,0.01334501043969516,,,,,,
id_22,categorical,,,,,,,0.012548172790928902,0.012548172790928902,26.0,__missing__,0.9912469942764249,1.0,0.0,1.0
id_27,categorical,,,,,,,0.012342339316580686,0.012342339316580686,3.0,__missing__,0.9912469942764249,0.08263821532492725,0.0,0.08263821532492725
id_23,categorical,,,,,,,0.012322091627432474,0.012322091627432474,4.0,__missing__,0.9912469942764249,0.13725490196078433,0.03457123772786831,0.10268366423291601
id_24,categorical,,,,,,,0.01199875040750853,0.01199875040750853,13.0,__missing__,0.9919615944728554,1.0,0.0,1.0
V119,numeric,1.000395027915306,1.0099292841228324,1.0,1.0,0.00953425620752646,0.04813451578180808,0.009534735647694914,0.009534735647694914,,,,,,
V41,boolean,,,,,,,0.009525722058444375,0.009525722058444375,3.0,1.0,0.7133521861347242,0.03607762370612361,0.006493506493506494,0.02958411721261711
V117,numeric,1.0000596931072019,1.0095417998643805,1.0,1.0,0.009482106757178643,0.04943855818274568,0.009481471188569568,0.009481471188569568,,,,,,
V118,numeric,1.0011569928719408,1.0102198973166716,1.0,1.0,0.00906290444473079,0.04060137081855562,0.00906530334631861,0.00906530334631861,,,,,,
V266,numeric,9.486243449613653,5.411524686149469,0.0,0.0,-4.074718763464184,-0.005256878230003758,0.007999656809650979,0.007999656809650979,,,,,,
V223,numeric,0.09302383605848401,0.09468210361067504,0.0,0.0,0.001658267552191034,0.0011065032954872824,0.00791313133582805,0.00791313133582805,,,,,,
V172,numeric,0.13559941520467836,0.09022556390977443,0.0,0.0,-0.04537385129490393,-0.013237472944738855,-0.0075574915693331635,0.0075574915693331635,,,,,,
V334,numeric,9.830807856098646,9.299240368963646,0.0,0.0,-0.5315674871349998,-0.00045073113888017614,0.0074139847059166986,0.0074139847059166986,,,,,,
V205,numeric,18.833239878322136,9.057890254487507,0.0,0.0,-9.775349623834629,-0.009895837921395333,-0.007214500580210115,0.007214500580210115,,,,,,
V325,numeric,0.05798004195004131,0.0694519804666305,0.0,0.0,0.011471938516589182,0.0077924378774044175,0.006902650679911249,0.006902650679911249,,,,,,
V269,numeric,6.3538981020975065,1.7930729984301412,0.0,0.0,-4.560825103667366,-0.005904486350024895,-0.005416108359184935,0.005416108359184935,,,,,,
TransactionAmt,numeric,134.51166457849678,149.2447785897498,68.5,75.0,14.733114011253036,0.01131982533321524,-0.004949892671515577,0.004949892671515577,,,,,,
V122,numeric,1.0015853787000948,1.0065387968613775,1.0,1.0,0.004953418161282697,0.018712046864416666,0.004661532979852501,0.004661532979852501,,,,,,
V121,numeric,1.0041188243969241,1.008621524750557,1.0,1.0,0.004502700353632871,0.012329530754584742,0.004222880431156151,0.004222880431156151,,,,,,
V120,numeric,1.0007180729660452,1.0051826019567955,1.0,1.0,0.004464528990750338,0.019678120763391756,0.004172241497961915,0.004172241497961915,,,,,,
V311,numeric,4.176830772971248,4.901211152068759,0.0,0.0,0.7243803790975116,0.0013001555716181043,0.004129246882735194,0.004129246882735194,,,,,,
id_10,numeric,-0.3116439887330661,-0.21093650185256166,0.0,0.0,0.10070748688050443,0.01104256236533097,0.004045697343794785,0.004045697343794785,,,,,,
V286,numeric,0.031331872173682634,0.03591307293935434,0.0,0.0,0.004581200765671707,0.004408655244828725,0.004016756436376889,0.004016756436376889,,,,,,
C3,numeric,0.005839856670825459,0.00024197841552533515,0.0,0.0,-0.005597878255300124,-0.006833173826653626,-0.004011695022246964,0.004011695022246964,,,,,,
id_11,numeric,99.74270073247456,99.7756766273198,100.0,100.0,0.03297589484523655,0.00791442018142013,0.0038732806553849475,0.0038732806553849475,,,,,,
V25,numeric,0.9775302346234913,0.9815212207916071,1.0,1.0,0.003990986168115773,0.0038264929638426996,0.0019247952375496258,0.0019247952375496258,,,,,,
V207,numeric,75.65196215175209,33.05224653031258,0.0,0.0,-42.59971562143951,-0.012417636289724195,0.0017432340819127923,0.0017432340819127923,,,,,,
V89,numeric,0.0009319799005750646,0.0,0.0,0.0,-0.0009319799005750646,-0.005187741847718291,-0.0008701228275280748,0.0008701228275280748,,,,,,
V240,numeric,1.0009564364011379,1.0014717425431712,1.0,1.0,0.0005153061420333227,0.0027928017313072766,0.0008146347982309621,0.0008146347982309621,,,,,,
V28,numeric,0.0008579620688338748,0.0,0.0,0.0,-0.0008579620688338748,-0.004894602580518811,-0.0007916558667928619,0.0007916558667928619,,,,,,
V27,numeric,0.0008017022610414896,0.0,0.0,0.0,-0.0008017022610414896,-0.004979400635690711,-0.0007856280302436236,0.0007856280302436236,,,,,,
V107,boolean,,,,,,,0.0005860137649802422,0.0005860137649802422,3.0,1.0,0.9990483286483557,0.054140127388535034,0.012096774193548387,0.042043353194986643
V68,numeric,0.0005509863459952945,0.0,0.0,0.0,-0.0005509863459952945,-0.004048085843797616,-0.0005348991534115388,0.0005348991534115388,,,,,,
V241,numeric,1.0002245546333106,1.000392464678179,1.0,1.0,0.00016791004486838013,0.0019884972255268117,0.00022611567251895615,0.00022611567251895615,,,,,,
V305,numeric,1.0000070191816688,1.0,1.0,1.0,-7.0191816687881214e-06,-0.0004955644383045906,-7.019181668677099e-06,7.019181668677099e-06,,,,,,
